,location,times,count_hashtags,hashtags
2,구좌읍,"['2020-11-24T06:37:22.000Z', '2020-11-23T14:06:08.000Z', '2020-11-24T09:51:24.000Z', '2020-11-24T12:36:19.000Z', '2020-11-24T08:54:13.000Z', '2020-11-29T14:49:49.000Z', '2020-11-24T13:10:32.000Z', '2020-11-24T09:11:29.000Z', '2020-11-24T13:10:39.000Z', '2020-11-24T10:31:16.000Z', '2020-11-23T16:10:42.000Z', '2020-11-24T06:51:46.000Z', '2020-11-24T09:58:04.000Z', '2020-11-24T08:19:19.000Z', '2020-11-29T15:29:19.000Z', '2020-11-24T12:30:45.000Z', '2020-11-24T08:28:15.000Z', '2020-11-29T15:05:30.000Z', '2020-11-24T09:26:50.000Z', '2020-11-19T08:30:25.000Z', '2020-11-24T08:36:50.000Z', '2020-11-24T12:51:11.000Z', '2020-11-29T17:29:22.000Z', '2020-11-23T14:12:02.000Z', '2020-11-24T08:13:22.000Z', '2020-11-14T10:03:10.000Z', '2020-11-24T08:55:52.000Z', '2020-11-29T09:56:00.000Z', '2020-11-24T06:50:07.000Z', '2020-11-23T14:06:01.000Z', '2020-11-24T12:51:13.000Z', '2020-11-03T10:33:28.000Z', '2020-11-24T10:13:49.000Z', '2020-11-24T06:54:54.000Z', '2020-11-24T10:51:13.000Z', '2020-11-24T12:11:27.000Z', '2020-11-29T12:49:13.000Z', '2020-11-29T14:47:15.000Z', '2020-11-24T13:05:05.000Z', '2020-11-24T13:15:03.000Z', '2020-11-29T12:57:51.000Z', '2020-11-24T12:08:56.000Z', '2020-11-24T07:06:09.000Z', '2020-11-24T10:59:23.000Z', '2020-11-24T12:52:18.000Z', '2020-11-29T15:43:37.000Z', '2020-11-24T08:11:33.000Z', '2020-11-29T08:59:52.000Z', '2020-11-24T10:12:16.000Z']",594,"['구좌흑돼지', '제주여성전용게하', '제주뜨개', '제주갈만한곳', '오름투어', '월정리바다', '다이빙', '필름사진', '아님말구', '오오티디', '제주워터서커스', '도민맛집', '데일리그램', '인카페온더비치', '김녕술집', '제주일상', '전신샷', '제주여행코스', '여행스타그램', '오세훈', '제주동쪽', '올레2코스', '맛집탐방', '패션오브크라이스', '월정리카페', '송당일상', '몬딱', '사람바글바글', '붓펜수업', '감성스냅', '선팔하면맞팔', '제주기념품', '풍경사진', '인생샷', '월요일점심만지나도신이난다', '볕', '제주보름살기', '분위기좋은카페', '우희부부_데일리룩', '제주가을', '하늘', '스누피', '스윙키즈', '한달살이', '소통', '치즈폭포스테이크', '김녕', '제주도술집', '제주뷰맛집', '직장인취미', '사진맛집', '제주동쪽카페', '생고기', '송당리맛집', '제주도게스트하우스', '비자림로', '맛있는점심', '여행', '조용한게스트하우스', '모알보알', '일몰', '해맞이해안로', '만화', '바다뷰', '돌담길', '김녕성세기해변', '사진', '하도리카페', '찰리브라운', '부릉부릉', '카페라라라', '술집', '카페', '구좌카페', '세화맛집', '제주여성전용1인실', '제주맛집', '캠핑', '토끼썸', '제주현지인맛집', '제주도민', '제주도일몰', '선셋오름투어', '맛있는게스트하우스', '제주여행추천', '커플스타그램', '해먹', '제주숙소', '독채민박', '캘리엽서', '필름', '제주애견동반숙소', '오조리감상소', '소규모게스트하우스', '제주카페', '그림', '제주살이숙소', '카페공백', '스누피가든', '피너츠', '김녕장게스트하우스', '월정리맛집', '도경수', '모닥불', '이연희', '셀카', '아코에공방', '와인바', '셀스타그램', '얼스타그램', '펍', '같이사진찍고싶었는데', '먹스타그램', '몬딱게스트하우스', '감성', '감사합니다', '세화카페', '겨울', '이화영은제주', '뜨개가방', '데일리', '감성카페', '겨울같지않은', '일상스타그램', '좋아요', '구좌읍숙소', '붓펜캘리그라피', '감사가', '증정굿즈', '마을', '함덕', '구좌읍맛집', '김녕회관', '운동하는여자', '카이', '둘러보기', '또가고싶다', '며칠', '노을', '제주혼여', '데일리룩', '흑돼지돌판구이', '술스타그램', '성산일출봉', '월정리해수욕장', '월정리해변', '스냅사진', '셀피', '럽스타그램', '제주시맛집', '구좌술집', '카페색깔', '우정여행', '일요일휴무', '휴가', '베라체근처', '증정이벤트', '엑소', '풍경', '따뜻한게스트하우스', '올레길숙소', '감성사진', '롯데면세점', '아들과함깨하는', '세화해변', '제주도', '월정리카페거리', '제주', '제주도카페', '제주여성전용숙소', '제주가볼만한곳', '제주이주', '좋반', '롱패딩계절이왔구나', '월정여관', '제주스누피가든', '연예인굿즈', '운동', '제주중독자', '거지존', '몸스타그램', '월정리오션뷰카페', '캘리액자', '일상기록', '스누피덕후', '다가볼꺼야', '제주카페추천', '구좌', '제주동부맛집', '구좌맛집', '제주도게하', '제주동쪽숙소', '맞팔', '우체통', '먹방', '스누피사랑', '제주게하', '제주술집', '페어리제주', '김녕장', '토요일도수업합니다', '여행병', '구좌읍흑돼지맛집', '여행그램', '치저스', '제주여행중', '김녕와인바', '가까운곳부터', '여자혼자제주여행', '감성숙소', '아이돌굿즈', '제주여성전용게스트하우스', '필름카메라', '용눈이오름', '제주아이와가볼만한곳', '제주하늘', '나홀로제주', '선팔', '스카이워터쇼', '타이밍', '겨울여행', '여행사진', '선셋', '우희부부_제주', '월정리', '제주와인바', '구옥', '감성여행', '1인2잔', '여행일기', '구좌읍카페', '바다', '행원장', '뭐', '제주귤맛집', '제주여행', '월정리바다뷰', '구좌읍', '제주도여행', '제주흑돼지맛집', '감성캠핑', '일상', '좋아요반사', '제주핫플', '공백', '세화', '흑돼지', '제주비자림', '한국', '여행기록', '동심의세계로', '월정리인카페', '쑥라떼', '제주살이', '제주솬', '마스크', '월정리게스트하우스', '비행기', '하도리1091', '종달리', '서니데이캘리', '송당', '제주펍', '취미', '제주반려견동반숙소', '제주애견동반게하', '코바늘가방', '제주숙박', '지니아펜션', '제주스타그램', '바다뷰카페', '제주보름살이', '자연', '조심하세요', '김녕펍', '비자림근처맛집', '가을', '올레길20코스', '일상소통', '제주동부게스트하우스', '호자돈까스', '부부스타그램', '서커스', '스테이동백', '태교', '서귀포맛집', '세화리', '커피맛집', '제주뜨개공방', '카페스타그램', '혼술', '제주캘리그라피', '코로나', '제주1인실숙소', '제주명소', '제주도핫플', '글씨를디자인하다', '스냅', '담소', '불멍', '하도리', '제주게스트하우스', '심장이약하신분들은조심하세요', '세화숲', '애월게스트하우스', '제주열흘살기', '캘리그라피', '맛스타그램', '그림같은공간']"
3,남원읍,"['2020-11-24T12:36:31.000Z', '2020-11-24T08:36:19.000Z', '2020-11-24T12:48:37.000Z', '2020-11-29T12:56:51.000Z', '2020-11-23T14:14:28.000Z', '2020-11-29T22:33:17.000Z', '2020-11-29T12:59:12.000Z', '2020-11-24T12:47:41.000Z', '2020-11-29T16:30:38.000Z', '2020-11-29T17:42:33.000Z', '2020-11-15T14:01:01.000Z', '2020-11-24T07:36:21.000Z', '2020-11-24T09:47:18.000Z', '2020-11-24T10:38:25.000Z', '2020-11-29T12:57:46.000Z', '2020-11-24T11:28:29.000Z', '2020-11-29T13:49:49.000Z', '2020-11-23T14:07:51.000Z', '2020-11-24T08:09:54.000Z', '2020-11-29T13:53:51.000Z', '2020-11-29T15:41:22.000Z', '2020-11-24T06:58:20.000Z', '2020-11-24T08:55:00.000Z', '2020-11-29T13:47:21.000Z', '2020-11-27T09:59:36.000Z', '2020-11-29T09:45:32.000Z', '2020-11-24T12:10:40.000Z', '2020-11-29T12:59:00.000Z', '2020-11-24T08:18:33.000Z', '2020-11-29T11:53:02.000Z', '2020-11-29T06:40:02.000Z', '2020-11-29T14:42:03.000Z', '2020-11-24T08:15:52.000Z']",324,"['대한민국구석구석', '소확행', '동백포레스트', '위미감귤', '정자', '위미리동백군락지', '이은정', '휴애리동백축제', '제주맛집', '제주여행', '휴가', '귤샌드위치', '제주도스텝', '레트로', '은재네제주여행', '제주도여행', '제주도민', '고기국수', '국내여행', '제주여행추천', '어디까지가봤니', '일상', '제주동백포레스트', '좋아요반사', '제주투어', '풍경', '큰엉', '오오티디', '아침식단', '애기동백', '제주남쪽여행', '첫줄', '분당', '잼샌드위치', '당근주스', '제주서귀포카페', '여행다녀왔습니다', '가족여행', '한라산백록담', '게스트하우스', '감성사진', '사회적거리두기', '가을산행', '위미433귤밭', '한국', '소띠예비맘', '제주도', '제주카페', '좋음', '서귀포바다', '여행지추천', '핫플', '오늘의제주', '큰엉해안경승지', '제주', '제주살이', '제주도카페', '행복하쟈', '팔로우', '제주가볼만한곳', '같이', '제주여행코스', '좋반', '등산스타그램', '쭌희남매', '여행스타그램', '우드노트', '도담이랑제주도여행', '제주도감성카페', '제주도서귀포여행', '제주도여행지', '와랑와랑', '여행에미치다', '휴애리자연생활공원', '일상기록', '제주겨울', '날씨', '제주카페추천', '준수', '산책', '동백꽃군락지', '협재라이프', '제주동백', '제주한달살이', '종주', '귤잼', '濟州島', '韓國', '맞팔', '선팔하면맞팔', '팜인스', '혼여', '위미', '우리들의행복한시간', '동백', '맘스타그램', '동백군락지', '제주도바람', '여기가포토존', '가을', '제주동백수목원', '예방수칙', '사진그램', '아침메뉴', '제주추천', '위미리', '셀스타그램', '얼스타그램', '산스타그램', '서귀포감귤', '얼짱', '귤', '대만샌드위치', '한반도', '코로나19', '옥분상회', '서귀포맛집', '육아', '동백꽃', '남원카페', '서귀포카페', '소통', '쇠소깍', '국내도이쁜곳많아요', '카페스타그램', '주말스타그램', '백록담에서', '제주감성', '유디니', '데일리', '여행다녀왔습니다_제주도', '신혼여행', '홈카페', '제주도한달살기', '좋아요', '新冠肺炎', '위미433귤청잼', '인디안썸머', '제주도게스트하우스', '선팔', '山茶花', '태교여행', '동선제면가', '발버둥', '섬', '구름이예술', '여행', '외할아버지밭', '제주관광', '서귀포', '노을지는바다', '이겨내자', '한라산', '추억팔이중', '제주라이프', '休愛里', '귤잼샌드위치', '겨울제주인가', '백록담구름', '카페추천', '사진', '남원', '제주동백꽃', '사진스팟', '가을제주', '성남', '얼스타', '아기랑제주', '남원리카페', '셀피', '동백꽃필무렵', '휴애리', '카페', '여행에미치다_제주']"
5,노형동,"['2020-11-24T09:34:51.000Z', '2020-11-25T07:47:03.000Z', '2020-11-24T09:26:21.000Z', '2020-11-29T14:47:09.000Z', '2020-11-29T09:55:51.000Z']",61,"['맞팔', '선팔하면맞팔', '노형동카페', '12월이다가온다', '제주도선물', '디저트카페', '소통해요', '시간이너무빨라', '신상카페', '제주도선물가게', '피스풀제주', '한라대카페', '카페투어', '제주시카페', '제주', '선팔', '제주도한라봉', '노형카페', '제주도캔들', '여행', '데이트카페', '좋반', '한라봉캔들', '그린티라떼', '바닐라빈라떼', '미스틱3도', '제주도여행', '제주도전시회', '제주도민', '공항근처카페', '데이트하기좋은카페', '제주도가볼만한곳', '선팔맞팔', '분위기좋은카페', '제주도캔들가게', '제주도추천', '좋아요테러', '일상', '소인카페', '좋아요반사', '오오티디', '도민맛집', '제주캔들', '커피맛집', '제주잇수다', '카페스타그램', '디저트맛집', '제주도바다캔들', '마카롱맛집', '데일리', '감성카페', '사진찍기좋은카페', '데이트코스', '제주신상카페', '제주도여행선물', '제주여행선물']"
6,대정읍,"['2020-11-29T15:36:45.000Z', '2020-11-23T14:16:17.000Z', '2020-11-24T08:34:18.000Z', '2020-11-24T08:38:07.000Z', '2020-11-24T08:32:23.000Z', '2020-11-24T11:37:54.000Z', '2020-11-29T13:52:56.000Z', '2020-11-24T12:59:16.000Z', '2020-11-29T14:46:42.000Z', '2020-11-29T17:24:17.000Z', '2020-11-29T17:22:01.000Z', '2020-11-24T11:13:48.000Z', '2020-11-24T09:34:03.000Z', '2020-11-29T14:54:51.000Z', '2020-11-24T13:31:33.000Z', '2020-11-24T08:10:29.000Z', '2020-11-24T09:49:14.000Z', '2020-11-24T08:38:44.000Z']",412,"['젓갈맛집', '대한민국구석구석', '대정흑돼지', '베트남음식', '서귀포흑돼지맛집', '제주맛집', '제주여행', '제주도부두', '속초젓갈맛집', '울산', '서림연대', '파타고니아', '제주도일상', '제주청년농부캠프', '맛집스타그램', '잘먹었습니다', '제주도여행', '제주도민', '제주흑돼지맛집', '키트래블', '제주도추천', '현현부부', '서귀포흑돼지', '성실젓갈', '상생농장', '제주도대방어', '좋아요테러', '일상', '모슬포', '좋아요반사', '도민맛집', '제주바닷가고깃집', '팟끄라파오무쌉', '제주도방어맛집', '협재맛집', '대한민국최남단', '흑돼지근고기', '특대방어회', '먹방스타그램', '랜선여행', '수희식당', '대방어', '백돼지근고기', '흑돼지', '시골냄새', '제주일상', '반양', '별밭투어', '제주도', '제주바다', '또올게요', '정나미', '청춘', '제주', '신화월드맛집', '제주살이', '제주흑돼지추천', '제주가볼만한곳', '역시나', '무릉외갓집', '좋반', '갈비쌀국수', '여행스타그램', '방어맛집', '깨방정', '제주도흑돼지맛집', '무릇귤이라하면이정도는되야', '제주도가볼만한곳', '선팔맞팔', '최애맛집', '함께', '맛집탐방', '모슬포맛집', '제주소나이', '맛있음', '모슬포흑돼지', '맞팔', '속초젓갈', '선팔하면맞팔', '맛점', '제주흑돼지', '먹방', '흑돼지고깃집', '자연', '별', '오설록맛집', '청희오렌지', '속초성실젓갈', '동네한바퀴', '제주맛집투어', '제주한달살기', '물멍', '제주도횟집추천', '먹스타그램', '쏨땀', '제주감귤', '대방어맛집', '청년', '젓갈', '서귀포맛집', '제주돌고래', '소통', '제주바다고깃집', '창맥주', '대정맛집', '방어회', '농부', '데일리', '제주도방어', '제주도맛집여행', '제주맛집추천', '만선식당', '이야기', '국토최남단', '흑돼지맛집', '소통해요', '해독', '마녀상회', '선팔', '제주도바다전망횟집', '불멍', '제주도횟집', '방어축제', '여행', '제주도방어축제', '인스밀', '지리탕', '쌀국수', '서귀포', '회정식', '제주도맛집추천', '맛집', '제주까망라떼', '일과리흑돼지', '점심', '맛스타그램', '모슬포횟집', '부두식당', '제주도맛집', '마라도', '스타벅스', '럽스타그램', '제주도흑돼지', '제주도맛집투어', '방어']"
9,도련1동,"['2020-11-24T12:56:42.000Z', '2020-11-27T09:48:20.000Z', '2020-11-24T09:10:42.000Z']",63,"['삼화왁싱', '화북왁싱', '왁싱샵', '플랫폼', '보타랩', '제주도', '인셀덤사업', '뷰러펌', '속눈썹연장', '발라또본부', '엑티브크림', '브로우리프트펌', '속눈썹펌', '인셀덤', '무점포사업', '제주', '제주뷰티', '지금이황금타이밍', '삼양', '삼화속눈썹', '맨즈파워', '토탈뷰티샵', '삼화지구', '클리닉펌', '인셀덤장영조', '브로우리프트', '서귀포', '스피루리나팩', '조천속눈썹', '제주인셀덤', '노보정', '제주왁싱', '삼양왁싱', '어쁘서', '인셀덤제주', '삼양속눈썹', '어여쁘소서', '화북', '무조건되는사업', '화북속눈썹', '슈아멜', '래쉬틴팅', '함덕속눈썹', '신촌속눈썹', '그남자의인셀덤', '케라틴펌', '스킨플래닝']"
13,삼도1동,"['2020-11-24T09:11:13.000Z', '2020-11-29T20:29:10.000Z', '2020-11-29T20:25:55.000Z', '2020-11-29T20:31:49.000Z', '2020-11-29T20:30:14.000Z']",217,"['사진맛집', '잔향', '제주도흑백사진관', '빈티지사진관', '제주도', '가족사진', '프로필', '제주잔향', '우정사진', '제주도사진관', '잔향다방', '제주', '흑백사진관', '잔향사진관', '공간스냅', '커플사진', '여행사진', '제주도여행', '레트로감성사진관', '제주도가볼만한곳', '빈티지감성', '필름사진', '제주스냅', '반려동물', '마음쉼터', '이데', '감성사진']"
18,색달동,"['2020-11-23T14:07:52.000Z', '2020-11-24T13:30:19.000Z', '2020-11-24T12:10:14.000Z', '2020-11-24T10:11:42.000Z', '2020-11-29T11:53:58.000Z', '2020-11-24T11:36:51.000Z', '2020-11-24T06:35:56.000Z', '2020-11-24T12:17:31.000Z', '2020-11-24T09:36:31.000Z']",119,"['맞팔', '일상스타그램', '좋아요', '제주야경', '숨은명소', '흑돼지맛집', '요가', '올때마다문닫아서못먹는곳', '제주도', '포토존', '병과점미남미녀', '예쁜', '기가막히니까', '자연', '신논현', '문을빨리닫는곳', '제주명소', '사진계정', '더본호텔', '맛있으니까', '중문맛집', '제주맛집', '제주', '선팔', '강남', '인친', '제주여행', '정성으로구워주는', '흑돼지맛', '사진스타그램', '풍경사진', '운동하는여자', '구름', '제주가볼만한곳', '연돈', '전신샷', '서귀포', '갯깍주상절리', '뷰스타그램', '좋반', '아이폰', '고기는사랑', '사진취미', '한라산', '여행스타그램', '사진계정맞팔', '제주도여행', '먹스타그램', '맛집', '하늘사진', '1100고지', '중문칠돈가', '이번엔먹어줬지', '무용', '하늘스타그램', '야경', '일상', '근고기맛집', '사진', '좋아요반사', '칠돈가', '여행에미치다', '풍경', '갯깍주상절리대', '맛스타그램', '주상절리', '웨이팅있어요', '느므느므맛있자네', '참을수있어요', '풍경스타그램', '사진소통', '눈', '제주연돈', '요가하는여자']"
19,서귀동,"['2020-11-24T09:36:05.000Z', '2020-11-29T08:55:23.000Z', '2020-11-21T13:11:41.000Z', '2020-11-24T08:10:31.000Z', '2020-11-24T06:29:17.000Z']",75,"['올레시장맛집', '맞팔', '제주횟집', '좋아요', '선팔하면맞팔', '클라이밍', '소통해요', '제주도', '제주카페', '매일올레돈', '도민횟집', '천지연폭포맛집', '카페투어', '7살딸', '뀰', '서귀포올레시장', '제주', '제주여행', '선팔', '제주살이', '제주도횟집', '베케', '스파이더맨', '엑티브파크', '서귀포', '서귀포여행', '좋반', '서귀포현지인맛집', '제주도횟집추천', '서귀포횟집추천', '3일차', '제주도여행', '수제청', '제주도민', '체험단', '제주횟집추천', '제주도가볼만한곳', '선팔맞팔', '서귀포올레시장맛집', '이중섭거리맛집', '서귀포카페투어', '제주감귤', '제주도추천', '서귀포흑돼지', '좋아요테러', '일상', '제주도서귀포횟집', '좋아요반사', '서귀포맛집', '도민맛집', '여기제주프로젝트', '서귀포카페', '올레시장먹거리', '올레시장', '소통', '제주카페추천', '서귀포횟집', '제주올레시장맛집', '서귀포카페추천', '쌍둥이횟집', '여기제주', '서귀포매일올레시장', '제주카페투어', '제주도서귀포']"
22,성산읍,"['2020-11-29T12:55:45.000Z', '2020-11-24T10:15:09.000Z', '2020-11-23T14:10:29.000Z', '2020-11-19T08:29:08.000Z', '2020-11-24T06:37:25.000Z', '2020-11-28T14:49:48.000Z', '2020-11-29T22:31:43.000Z', '2020-11-24T09:11:21.000Z', '2020-11-27T09:50:30.000Z', '2020-11-24T10:54:14.000Z', '2020-11-29T16:17:25.000Z', '2020-11-24T12:58:46.000Z', '2020-11-24T07:26:32.000Z', '2020-11-29T14:55:51.000Z', '2020-11-24T09:38:04.000Z', '2020-11-29T15:39:42.000Z', '2020-11-24T11:59:45.000Z', '2020-11-24T10:29:12.000Z', '2020-11-24T10:17:28.000Z', '2020-11-24T08:19:32.000Z', '2020-11-24T09:12:21.000Z', '2020-11-24T08:39:55.000Z', '2020-11-24T10:55:52.000Z', '2020-11-29T15:35:17.000Z', '2020-11-23T14:08:16.000Z', '2020-11-29T14:56:33.000Z', '2020-11-24T08:36:53.000Z', '2020-11-24T09:55:28.000Z', '2020-11-24T09:32:59.000Z', '2020-11-24T11:33:27.000Z', '2020-11-24T12:19:28.000Z', '2020-11-29T15:33:25.000Z', '2020-11-29T16:29:29.000Z', '2020-11-24T09:10:46.000Z', '2020-11-29T22:44:06.000Z', '2020-11-24T08:49:42.000Z', '2020-11-24T08:37:17.000Z', '2020-11-24T10:31:21.000Z', '2020-11-24T13:19:22.000Z', '2020-11-27T09:25:30.000Z', '2020-11-24T08:28:38.000Z', '2020-11-24T12:31:11.000Z', '2020-11-29T12:57:01.000Z', '2020-11-29T14:56:49.000Z', '2020-11-29T11:55:38.000Z', '2020-11-24T08:36:46.000Z', '2020-11-24T06:55:58.000Z', '2020-11-19T08:29:09.000Z', '2020-11-24T08:29:12.000Z', '2020-11-27T09:57:40.000Z', '2020-11-24T09:30:31.000Z', '2020-11-29T17:54:57.000Z', '2020-11-29T16:28:44.000Z', '2020-11-24T13:10:09.000Z']",792,"['안돌오름', '상어', '둔산동카페', '지미봉', '동백포레스트', '성산스튜디오', '광치기해변', '협재카페', '한라봉주스', '우도', '제주맛집', '제주여행', '스텝', '인친', '놈놈놈', '한라산등반', '성게칼국수', '오름투어', '럽스타라하쟈', 'いいね', '아들맘', '하도리맛집', '진곶내', '핑크에진심인편', '행복', '웨건', '제주절물자연휴양림', '아빠도타보고싶다', '짱구네유채꽃밭', '제주도여행', '맛있게잘먹었습니다', '제주도민', '물영아리오름', '엽스타그램', '국내여행', '旅行好きな人と繋か', '바다', '애월카페', '패션스타그램', '제주카페그램', '일상', '발리인제주', '좋아요반사', '드르쿰다', '산굼부리', '에곤카페', '제주이색카페', '백기해녀의집', '성산일출봉맛집', '제주카페탐방', '협재맛집', '한림맛집', '어라운드폴리', '아가', '게스트하우스', '섭지코지로별관', '맞팔해요', '한담맛집', '흑돼지', '난아님', '旅行', '제주일상', '큼', '제주도', '동백수목원', '서귀포치유의숲', '제주카페', '참돔회', '시크포베이비', '한공기뚝딱', '잔디공장방문자', '그림그리는카페', '카페투어', '힘드니', '월평동카페', '섭지코지카페', '해비치호텔', '큰엉해안경승지', '제주', '비자림', '반사테러', '제주도카페', '제주살이', '사진스타그램', '제주풍경', '바다스타그램', '5병클리어', '우도카페', '빛의벙커', '천혜향주스', '제주여행코스', '섭지코지', '여행스타그램', '깔맞춤성애자', 'いいね返し', '윗세오름', '뿌듯', '프론토웨건', '고등어회', '레전드', '에곤쉴레카페', '제주도카페추천', '도두봉', '23', '가시아방국수', '이거슨신세계', '도두해안도로', '식물카페', '옷스타그램', 'フォロー返します', '일상기록', '곽지맛집', '제주카페추천', '소니', '소원', '토요일', '제주동백', '물고기', '덕분에', '반고흐', '평지어딘가', '그로우커넥트', '맞팔', '플이스캠프제주', '바쁜날', '좋아요폭탄', '선팔하면맞팔', '원숭이띠맘', '샤이니숲길', '수족관', '유아웨건', '잔디공장', '표선맛집', '셀카', '한라생태숲', '제주게하', '주말', '근무', '맘스타그램', '주말순삭', '동백군락지', '맛나식당', '신산리', '韓国', '일요일', '오조삼춘', '패션', '제주도숲길', '부근', '데일리코디', '풍경사진', '카멜리아힐', '종달리카페', '애스타그램', '공동육아', '웨이팅', '부부스타그램', '갯깍주상절리', '표정무엇', '부모님생각', '육아템', '머체왓숲길', '韓国人', '제주노을', '귤', '보롬왓', '왕성참숯구이', '제주아쿠아플라넷', '딱새우회', '신산리카페', '나의제주', '서귀포맛집', '한달살이', '육아', '초코백설기', '세화카페', '제주여행중', '서귀포카페', '소통', '사려니숲길', '카페스타그램', '동백꽃', '협재해수욕장', '백약이오름', '첫줄안녕', '높음', '대정맛집', '성산일출봉카페', '패피', '데일리', '아쿠아플라넷제주', '갈치조림', '5시', '첫성산일출봉', '신혼여행', '제주맛집추천', '돌고래', '제주나만아는카페', '에곤쉴레', '일상스타그램', '옥돔구이', '좋아요', '제주동쪽카페', '소통해요', '육아소통', '한라산소주', '밥도둑', '성산녘', '딱새우장덮밥', '플레이스캠프제주', '중문맛집', '제주도게스트하우스', '제주도핫플', '성산맛집', '용눈이오름', '황금돼지띠맘', '아부오름', '김영갑갤러리', '제주카페가볼만한곳', '커플샷', '숫모르숲길', '여행', '부지런한사람들', '일몰', '악세사리', '여행사진', '서귀포', '새별오름', '커플룩', '인스타패션', '한라산', '신산리맛집', '제주이쁜카페', '말미오름', '소니이미지갤러리', '맛집', '제주오름', '아들둘맘', '24', '제주스냅', '금오름', '제주성산카페', '인스타베이비', '하도리카페', '베이비', '새벽', '형제맘', '데일리룩', '아쿠아리움', '아쿠아플라넷', '복자씨연탄구이성산본점', '성산카페', '대전카페', '성산일출봉', '잔디우유', 'フォロー', '젊줌마', '한담해변', '대역죄인머리', '상효원', '애월맛집', '하도카페', '제주도카페투어', '아줌마', '럽스타그램', '백록담', '성산일출봉뷰', '미니언즈', '성산', '제주카페투어', '휴애리', '카페', '싫어', '관심', '신행']"
26,안덕면,"['2020-11-24T09:13:37.000Z', '2020-11-24T11:57:33.000Z', '2020-11-28T14:40:20.000Z', '2020-11-24T08:46:08.000Z', '2020-11-24T11:29:40.000Z', '2020-11-24T13:32:48.000Z', '2020-11-24T10:50:23.000Z', '2020-11-24T10:59:41.000Z', '2020-11-29T14:44:28.000Z', '2020-11-29T14:46:14.000Z', '2020-11-29T08:59:34.000Z', '2020-11-19T08:36:13.000Z', '2020-11-29T11:50:59.000Z', '2020-11-28T14:45:43.000Z', '2020-11-22T08:59:51.000Z', '2020-11-27T09:59:38.000Z', '2020-11-27T09:50:11.000Z', '2020-11-24T06:30:41.000Z', '2020-11-24T11:27:53.000Z', '2020-11-24T07:32:59.000Z', '2020-11-29T07:13:26.000Z', '2020-11-24T12:16:11.000Z', '2020-11-29T14:59:13.000Z', '2020-11-24T12:09:32.000Z', '2020-11-24T13:58:08.000Z', '2020-11-29T16:59:09.000Z', '2020-11-29T08:49:28.000Z', '2020-11-29T22:53:49.000Z', '2020-11-29T16:38:55.000Z', '2020-11-24T06:39:16.000Z', '2020-11-24T09:08:23.000Z', '2020-11-24T13:37:20.000Z', '2020-11-24T11:09:21.000Z', '2020-11-24T12:36:01.000Z', '2020-11-29T12:57:04.000Z', '2020-11-29T19:31:09.000Z', '2020-11-24T08:58:59.000Z', '2020-11-29T16:56:28.000Z', '2020-11-24T09:58:15.000Z', '2020-11-24T13:56:25.000Z', '2020-11-29T12:48:22.000Z', '2020-02-09T16:00:50.000Z', '2020-11-29T14:54:16.000Z', '2020-11-28T14:51:28.000Z', '2020-11-23T10:28:07.000Z', '2020-11-29T19:48:42.000Z', '2020-11-24T10:54:03.000Z', '2020-11-24T07:45:13.000Z', '2020-11-24T07:28:41.000Z']",420,"['로스터리카페', '대한민국구석구석', '아침조식', '캐모마일티', '산', '취향존중', '제주바램목장', '신화월드', '좋다', '신기', '녹차', '제주맛집', '제주여행', '인친', '커피', '스토리봐주세요', '바람많이분다', '땅콩막걸리', '원앤온리제주', '제주독채', '제주도여행코스', '연차좋아', '언니', '그레이그로브', '라로마', '시로코', '제주도여행', '셀카그램', '우도땅콩막걸리', '쏘맥', '국내여행', '좋은글', '일상', '소우주', '좋아요반사', '풍경', '가고싶다', '힐링사진', '첫줄', '국내라도좋다', '산방산카페', '제주핫플레이스', '이순간갤러리', '오늘', '가족여행', '오후', '감성사진', '군산오름', '인물사진', '먹방여행', '제주도', '제주카페', '포토존', '01', '취향에맞는커피', '커피매니아', '힘이되는글', '한라봉쥬스', '카페투어', '제주바다', '티타임', '나들이', '어린왕자감귤밭', '제주', '사계해변', '제주도카페', '제주도추억하기', '팔로우', '제주가볼만한곳', '구름에', '떠나고싶다', '없음', '좋반', '원픽', '여행스타그램', '시로코카페', '아기', '한달', '선팔맞팔', '선채향', '이너프', '전복죽', '원앤온리', '날씨', '제주카페추천', '축소', '팔로워', '하트시그널', '수다', '등산', '축소판', '사진에알파가되다', '부산스냅', '덕분에', '리코', '셀피그램', '맞팔', '선팔하면맞팔', '먹방', '소인국테마파크', '셀카', '제주도오름', '독채펜션추천', '목도리', '방주교회', '수제비누', '선팔해요', '행복하자', '제주이너프', '코로나19물러가라', '휴일', '음료스타그램', '인생죽', '건강하게', '벌써', '구름', '가을', '카페맛집', '핑크뮬리', '풍경사진', '창꼼', '카멜리아힐', '사랑스러워', '딸', '풀베개', '셀스타그램', '얼스타그램', '산스타그램', '사계리카페', '저녁', '먹스타그램', '귤', '별거아니지만특별한', '키멜리아힐', '기분전환', '전망', '베스트픽', '좋은글귀', '바램목장', '하늘', '여행그램', '딱새우회', '제주시', '감성', '화산송이비누', '순간을소중히', '심심해', '금요일', '동백꽃', '용담', '커피전문가', '소통', '서귀포카페', '겨울', '카페스타그램', '신기방기', '제주여행중', '빵맛집', '용머리해안', '급휴가', '핫플레이스', '살자', '제주전망', '귀여워', '데일리', '각자취향존중', '또올게', '지상낙원', '오설록티뮤지엄', '코로나', '이니스프리제주하우스', '독채풀빌라', '오름', '제주오설록', '제주도그램', '좋아요', '뷰', '오션브릭', '시작', '신화월드메리어트', '콜롬비아라로마', '해외여행', '좋튀', '일출', '오설록', '자스민티', '크리스마스', '감귤체험', '콜롬비아', '민트티', '선팔', '제주도핫플', '생후603일', '안나옴', '힐링여행', '여행', '제주양떼목장', '스테이위드커피', '제주그램', '20201129', '서귀포', '모슬포카페', '19개월', '올해의커피', '가을정원', '썬앤문리조트', '결혼기념일', '언젠가다시챌린지', '산방산맛집', '얼어죽을뻔', '소니이미지갤러리', '맛집', '비누체험키트', '꽃', '제주오름', '전복칼국수', '마노르블랑', '카페추천', '황금돼지띠', '아침', '사진', '가려서', '데일리룩', '힐링', '제주항공우주박물관', '스냅사진', '셀피', '럽스타그램', '안덕면맛집', '대화', '카페', '여행에미치다_제주']"
27,애월읍,"['2020-11-24T09:27:52.000Z', '2020-11-23T14:08:40.000Z', '2020-11-24T07:11:45.000Z', '2020-11-29T13:52:09.000Z', '2020-11-24T09:10:15.000Z', '2020-11-29T14:42:44.000Z', '2020-11-24T09:27:32.000Z', '2020-11-24T12:38:43.000Z', '2020-11-24T10:13:41.000Z', '2020-11-24T10:10:56.000Z', '2020-11-24T12:18:02.000Z', '2020-11-24T08:48:27.000Z', '2020-11-24T10:31:37.000Z', '2020-11-24T10:09:39.000Z', '2020-11-24T08:09:55.000Z', '2020-11-24T11:39:34.000Z', '2020-11-24T13:18:11.000Z', '2020-11-24T07:12:52.000Z', '2020-11-27T09:58:26.000Z', '2020-11-29T10:56:18.000Z', '2020-11-24T10:09:15.000Z', '2020-11-23T14:08:39.000Z', '2020-11-29T12:57:13.000Z', '2020-11-29T15:16:19.000Z', '2020-11-24T13:35:37.000Z', '2020-11-24T09:14:59.000Z', '2020-11-24T11:11:37.000Z', '2020-11-24T09:56:11.000Z', '2020-11-24T06:38:15.000Z', '2020-11-24T11:46:54.000Z', '2020-11-24T13:14:23.000Z', '2020-11-24T07:12:29.000Z', '2020-11-24T10:55:43.000Z', '2020-11-24T12:37:00.000Z', '2020-11-29T10:58:30.000Z', '2020-11-24T08:10:08.000Z', '2020-11-24T09:30:37.000Z', '2020-11-24T07:53:15.000Z', '2020-11-24T08:18:40.000Z', '2020-11-24T08:09:24.000Z', '2020-11-24T08:16:19.000Z', '2020-11-24T09:40:13.000Z', '2020-11-19T08:29:53.000Z', '2020-11-24T10:08:23.000Z', '2020-11-24T08:09:44.000Z', '2020-11-24T13:31:54.000Z', '2020-11-24T13:11:11.000Z', '2020-11-29T11:52:32.000Z', '2020-11-24T09:39:46.000Z', '2020-11-24T13:57:38.000Z', '2020-11-19T08:31:49.000Z', '2020-11-28T14:55:39.000Z', '2020-11-24T12:17:13.000Z', '2020-11-24T10:49:18.000Z', '2020-11-29T14:42:12.000Z', '2020-11-24T11:48:45.000Z', '2020-11-24T12:56:48.000Z', '2020-11-24T11:19:21.000Z', '2020-11-24T07:34:52.000Z', '2020-11-24T07:49:13.000Z', '2020-11-24T09:51:47.000Z', '2020-11-19T08:32:00.000Z', '2020-11-19T08:31:18.000Z', '2020-11-24T08:09:15.000Z', '2020-11-23T14:11:51.000Z']",901,"['비숑', '내일또먹어야지', '한경면맛집', '항파두리', '파도', '히쭈부부', '애월필라테스', '애교쟁이', '다이어터', '교원더오름안주화', '노을맛집', '인친', '몬스터제주한우버거', '생후222일', '애월횟집추천', '제주한달살기필라테스', '미안', '비숑스타그램', '셀카그램', '애월카페', '육아맘소통', '제주도추천', '트레킹', '애월점심추천', '오오티디', '제주사진찍기좋은곳', '도민맛집', '애월밥집추천', '이태리식당', '하귀필라테스', '다금바리', '제주도숙소', '제주맘', '애월파스타', '파스타그램', '제주일상', '제주옷가게', '놀러가고싶다', '제주여행코스', '20', '제주팀', '여행스타그램', '사진계정맞팔', '제주애견카페', '제주귤', '오지힐제주', '선팔맞팔', '카트', '캐논', '교원더오름', '제주애월맛집', '여행에미치다', '대학생사진', '곽지맛집', '에바', '팔로워', '제주동백', '연월', '애월원데이클래스', '한림', '감성스냅', '선팔하면맞팔', '에이바우트뷰하귀포구점', '황금향', '빵', '가을여행', '한림농장', '제주도애월펜션', '애들아고맙고미안하고사랑한다', '맘스타그램', '심쿵', '韩国旅行', '패션', '심슨', '딱새우', '제주생활', '서황', '풍경사진', '하이엔드제주', '마레벤또', '제주쌩텀펜션', '해안도로드라이브', '팔로우100', '엄마랑데이트', '제주도횟집추천', '3일차', '리치망고애월본점', '제주신혼여행', '혼여족', '비숑프리제', '갬성스타그램', '육아', '소통', '협재해수욕장', '교원더오름김동진', '아싸의길', '제주도한달살기', '서황생선까스', '제주혼밥맛집', '술이', '무보정', '제주도횟집', '혼자나무', '여행', '일몰', '서귀포', '제주오션뷰맛집', '제주감귤농장', '제주점심추천', '리치망고', '사진', '미니멀', '먹스타', '아르떼뮤지엄', '제주도맛집', '제주뚜벅이여행', '제주도민맛집', '제주공방', '한번도', '카페', '제주도다금바리', '구엄리돌주먹', '대한민국구석구석', '비타민', '제주맛집', '근데', '육아스타그램', '개스타그램', '딸스타그램', '집에가는날', '이지원필라테스제주교육관', '제주도민', '팔로미', '국내여행', '패션스타그램', '제주가족여행', '동명동', '우리소통해요', '생각남', '애월읍', '여친룩', '산책스타그램', '혼자여행시작', '제주숙소', '오늘', '다연이', '제주키즈클래스', '제주해녀돌담파스타', '제주이색체험', '한담맛집', '제주도애월', '제주카페', '몽상드애월', '제주가족펜션', '제주농장', '애월해안도로횟집', '협재해수욕장맛집', '교원더오름홍승희', '베이비그램', '맞팔환영', '더놀고싶다', '제주공항맛집', '문바다_여행', '짬뽕카레', '안가봄', '11월베스트샷', '1129', '서황돈카츠', '제주도펜션추천', '애월공방', '몬스터살롱', '제주한달살이', '애월해안도로맛집', '애월더선셋리조트', '먹스타맞팔', '제주귤농장', '항파두리항몽유적지', '제주풀빌라', '셀카', '캐논이미지스토밍', '교원더오름김정훈', '귤농장', '데이트', '981파크', '꾸안꾸', '셀스타그램', '제주체험', '제주아기', '먹스타그램', '귤', '제주골프', '감귤농장', '퍼피월드', '제주다금바리', '제주애월숙소', '데일리', '일상스타그램', '좋아요', '갬성사진', '제주도공방', '제주소품샵', '제주도필라테스', '크리스마스', '자개모빌', '바게트', '가을출사', '제주라이프', '제주돌담파스타', '산방산맛집', '댕스타그램', '해녀돌담파스타', '감동', '베이비', '데일리룩', '해안도로', '맘카페', '격하게', '제주태교', '성산일출봉', '카레맛집', '스탓필라테스한국공인교육센터이지원필라테스', '집콕', '연남동', '한담해변', '제주시맛집', '셀피', '럽스타그램', '고맙습니다', '스콘', '하귀맘', '01', '제주횟집', '당첨', '가족스냅무료', '뀰', '제주필라테스', '제주자개모빌원데이클래스', '한라봉', '출근', '좋반테러', '제주힐링코스', '쌀바게트', '곽지해수욕장맛집', '맞팔선팔환영', '힘들어', '타이백귤', '협재맛집', '오늘도', '한림맛집', '랜디스도넛', '한담해안산책로', '맞팔해요', '감성사진', '제주원데이클래스', '로드129', '카트체험', '레이지펌프', '韩国旅游', '제주도', '딸랑구', '여행중', '제주', '제주도카페', '제주가볼만한곳', '애월더선셋', '좋반', '맛있다', '하이퍼랩스', '포도송이', '제주한달살기숙소', '팀워크', '안알랴줌', '제주카페추천', '슝슝이', '피드', '애월저녁식사', '나이키', '덕분에', '맞팔', '제주리더', '코로나꺼져', '제주애견동반', '제주저녁식사', '일요일', '둘째맘', '29주', '육아중', '커플사진', '일몰맛집', '신혼부부클래스', '제주브런치카페', '제주감귤', '조식', '자개모빌클래스', '서황샐러드우동', '골목카페옥수', '이벤트참여', '글귀스타그램', '애월', '제주파트너', '취미사진', '제주맛집추천', '오늘은', '곽지해수욕장', '20개월아기', '꿀잼', '소통해요', '소통환영', '억새', '오지힐', '선팔', '극조생', '제주가족스냅', '첫줄반사', '캐주얼룩', '여행사진', '애월가볼만한곳', '돌담파스타', '새별오름', '선셋', '제주도맛집추천', '푸드스타그램', '제주오름', '소통스타그램', '인스타베이비', '애월혼밥', '세젤귀', '제주밤바다', '셀스타', '캐주얼', '에바충', '애월맛집', '편집초보', '스페셜망고', '바다', '충전', '발리인테리어소품', '직딩', '서황카츠', '우도', '애견카페', '육아그램', '극조생귤', '제주여행', '한담카페거리', '애월카레', '제주태교클래스', '여기는애월', '매', '제주올레길', '제주도여행', '제주온잇인테리어', '제주흑돼지풀드포크버거', '좋아요테러', '일상', '제주우유', '꿈꾸미', '좋아요반사', '육아일기', '산하홍', '제주핫플', '무농약귤', '좋아요그램', '다이어트', '멍스타그램', '라탄클래스', '인스타푸드', '교원더오름문제헌', '9', '제주바다', '귀요미', '제주살이', '제주도카레', '홍대', '팔로우', '사진에미치다', '애월횟집', '팔로우늘리기', '제주도가족펜션', '레이싱', '놀지만', '제주도가볼만한곳', '제주피크닉소품대여', '제주이야기', '육아맘', '감귤', '교원더오름신미라', '화조원', '사람과자연', '서울', '랍스터', '외톨이나무', '색감미쳤다', '사진소통', '포토스타그램', '가을풍경', '미니멀룩', '교원더오름변주영', '제주스타그램', '애월해안도로', '제주공항근처맛집', '제주연월', '제주루프탑카페', '추수감사절', '스탓필라테스제주', '제주한달살기', '나홀로여행', '목욕', '교원더오름이완수', '제주도애월숙소', '아마존팀', '1일1사고', '제주도가고싶다', '사이카레', '교원더오름양희진', '제주혼밥추천', '귤따기체험', '쌩텀펜션', '동백꽃', '제주도중문맛집', '카페스타그램', '그나무의기록', '트레킹스타그램', '인스타', '가족', '문바다_제주', '스탓필라테스', '사과옷', '육아소통', '제주혼밥하기좋은곳', '다렉', '타이백감귤', '만삭사진', '양림동', '서황돈까스', '오션뷰', '제주도애월맛집', '제주앓이', '인스타그램', '제주자개모빌', '카시나덩크', '에이바우트커피', '멋진팀', '젊줌마', '갬성', '날씨가다했다', '스콘맛집', '제주애월', '귤구매', '남또리횟집', '신행']"
28,연동,"['2020-11-27T09:53:07.000Z', '2020-11-29T10:59:09.000Z', '2020-11-24T06:40:48.000Z', '2020-11-24T11:53:35.000Z', '2020-11-24T09:38:54.000Z', '2020-11-24T12:09:56.000Z', '2020-11-27T09:48:44.000Z', '2020-11-24T08:54:28.000Z', '2020-11-24T11:13:16.000Z', '2020-11-24T11:52:10.000Z', '2020-11-29T13:59:48.000Z', '2020-11-24T06:29:40.000Z', '2020-11-24T09:56:33.000Z', '2020-11-29T16:34:19.000Z', '2020-11-28T14:54:48.000Z', '2020-11-24T07:52:44.000Z', '2020-11-24T01:56:39.000Z', '2020-11-24T11:51:38.000Z', '2020-11-29T18:04:32.000Z', '2020-11-29T17:22:47.000Z', '2020-11-29T18:07:06.000Z', '2020-11-24T13:32:25.000Z']",416,"['ㅎㅎㅎ', '제주고기국수맛집', '동행', '지유명차제주점', '도전', '제주맛집', '제주여행', '산악인이되고싶은아줌마', '인친', '힐링치유', '건강관리', '전시', '좋은일가득', '쩐슐랭_제주', '푸들스타그램', '반려견', '휴가는아니고', '맛집스타그램', '제주도여행', '포메라니안미용', '제주도민', '모임', '오름공기', '고기국수', '국내여행', '면역력', '좋반테러', '나혼자산다', '제주여행추천', '제주도추천', '정신력', '좋아요테러', '일상', '존맛탱', '티모', '좋아요반사', '오오티디', '체력', '도민맛집', '맞팔선팔환영', '제주핫플', '제주숲길', '걷기', '제주도청', '연동애견미용', '데이트코스', '롯데호텔제주', '다이어트', '맞팔해요', '중문', '페퍼로니피자', '신나니', '제주일상', '제주도', '제주카페', '남짓은오름', '여행기록', '제주애견미용', '나도', '부부', '제주도흑우', '제주도애견미용', '머리보소', '고기국수맛집', '번개모임', '아쵸', '제주', '눈꽃산행은', '즐거움', '제주살이', '푸들', '제주미술관', '제주인', '팔로우', '제주가볼만한곳', '제주도코스요리', '말표맥주', '광이오름', '제주여행기록_1일차', '좋반', '인생의삶', '서지혜맥주', '팔로우늘리기', '여행스타그램', '들어간다', '제주공항맛집', '흑우맛집', '제주도가볼만한곳', '선팔맞팔', '야식', '걷기스타그램', '제주데이트코스', '운동', '제주오름인', '몸스타그램', '문화생활', '제주사는여자', '제주롯데호텔', '좋은사람', '수다', '등산', '연동', '다음기회에', '카페', '신제주애견미용', '요크셔테리어미용', '맞팔', '선팔하면맞팔', '수제돈까스', '아라파파', '말티즈', '디엠', '제주공항근처맛집', '먹방', '검은쇠몰고오는', '자연', '제주전시회', '애견미용사', '제주해녀', '미술관투어', '돔베고기', '미술관', '친목', '패션', '여행나들이', '쩐슐랭', '재밌니', '한라수목원', '선팔하면맞팔가요', '마스크던지고싶다', '연동술집', '우리', '맞팔은댓글', '인증샷', '산스타그램', '올래국수', '먹스타그램', '잘될꺼야', '육회', '애견인', '제주공항', '진진국수', '제주도립미술관', '야경', '제주시', '선팔후맞팔', '삼대국수회관', '육아', '맛집추천', '비타민국수', '말티즈스타그램', '인맥', '선팔100', '곰표맥주', '제주전망', '데일리', '여행하는쩐', '제주지현', '나의일상기록', '제주문화생활', '일상스타그램', '좋아요', '육회공작소', '개린이', '뷰', '소통해요', '해녀고기', '빠지겄다', '이유정님', '사나이였어', '중문관광단지', '한라봉에이드', '이상미인', '선팔', '취미생활', '여행', '피자', '한라산', '제주흑우맛집', '맛집', '추억', '제주오름', '돈가스', '로컬맛집', '데일리룩', '제주공항근처', '제주포토존', '한라산엔첫눈', '음식', '댕댕이', '구름맛집', '제주도맛집', '아쵸샵', '액땜중', '백록담', '셀피', '제주비올때', '제주도흑우맛집', '보스코화덕피자']"
33,용담1동,"['2020-11-24T07:25:07.000Z', '2020-11-29T17:57:41.000Z']",90,"['제주도뷰맛집', '제주횟집', '제주탑동맛집', '제주일상', '와인', '제주도', '제주공항근처맛집', '용담해안도로', '용담해안도로맛집', '제주와인창고', '스테이크', '감바스스파게티', '제주맛집', '제주', '탑동맛집', '제주살이', '제주도횟집', '제주용담해안도로맛집', '제주도라마다호텔맛집', '용담맛집', '제주도횟집추천', '와인추천', '제주도맛집추천', '제주도회포장', '제주앞바다횟집', '제주횟집추천', '용두암맛집', '제주도대방어', '네일하는여자', '용두암', '제주사는여자', '제주회포장', '제주도방어맛집', '제주방어맛집', '제주도맛집', '제주뷰맛집', '제주용두암해안도로맛집', '또달린다', '제주공항근처횟집', '제주맛집추천']"
34,용담2동,"['2020-11-27T09:52:29.000Z', '2020-11-24T13:57:35.000Z', '2020-11-24T09:39:30.000Z', '2020-11-29T08:56:01.000Z', '2020-11-29T18:18:16.000Z', '2020-11-29T10:59:41.000Z', '2020-11-27T09:48:27.000Z']",72,"['제주항공', '제주도', '제주실버목걸이', '혼자', '셀카', '제주주얼리', '강호동', '피오', '제주바다', '제주스텝', '악세서리', '제주악세서리샵', '제주', '제주여행', '제주살이', '구름', '가을', '용연구름다리', '여행', '야경명소', '20201101', '제주악세서리', '925', '표지훈', '자유시간', '셀스타그램', '제주은반지', '송민호', '제주라이프', '제주도여행', '규현', '신서유기8', '제주미아방지목걸이', '실버주얼리', '비행기', '맑음', '혼자놀기', '제주공항', '흐림', '제주국제공항', '하늘', '야경', '비비안느', '제주시', '제주실버샵', '항덕', '용두암', '텅인치크', '은지원', '제주실버', '자유여행', '겨울', '힐링', '제주실버반지', '제주피어싱', '휴식', '나예_제주', '제주도한달살기', '제주시청', '실버악세서리']"
36,우도면,"['2020-11-24T13:18:21.000Z', '2020-11-24T08:59:56.000Z', '2020-11-29T14:52:01.000Z', '2020-11-29T13:58:57.000Z', '2020-11-24T10:52:25.000Z', '2020-11-24T09:30:32.000Z', '2020-11-24T07:33:28.000Z', '2020-11-24T10:14:51.000Z']",102,"['제주도', '제주카페', '우도짜장면', '20201109', '봉수대', '가을제주여행', '제주바다', '우도', '제주도백패킹', '카페투어', '제주우도여행', '여행지추천', '소리없음', '쪼리', '소머리오름', '제주', '제주여행', '나홀로제주', '나홀로여행', '제주살이', '여행', '우도카페', '백패킹성지', '땅콩아이스크림', '국내여행지추천', '행복', '제주여행코스', '아웃도어', '우도산호반점', '하하호호', '제주우도', '텐트촌', '니모쿠나이', '국내여행', '혼캠', '성지', '트레킹', '짜장면', '비양도', '망루', '일상', '우도맛집', '우도가좋다', '우도봉', '블랑로쉐', '니모텐트', '백패킹', '섬속의섬', '가을제주', '짬뽕맛집', '우도짬뽕', '게하스텝', '섬속의섬속의섬비양도', '우도여행', '제주여행코스추천', '사빈백사', '나예_제주', '안녕육지사람', '카페', '성산', '바다', '솔캠', '하고수동해수욕장', '신행']"
39,이도2동,"['2020-11-29T16:08:47.000Z', '2020-11-29T11:54:45.000Z', '2020-11-24T10:09:57.000Z', '2020-11-24T07:08:20.000Z', '2020-11-29T13:49:07.000Z', '2020-11-24T10:35:41.000Z', '2020-11-29T16:42:21.000Z', '2020-11-24T11:10:08.000Z', '2020-11-19T07:25:26.000Z', '2020-11-29T09:14:07.000Z']",104,"['팔로우미', '카페인테리어', '휴메이크이도점', '사진맛집', '뽕끌랑', '헬스타그램', '제주도', '제주카페', '바디프로필', '바디프로필준비', '베스킨라빈스', '제주영롱가', '제주텐동', '등운동', '카페투어', '제주이주민', '카페맞팔', '노모어블루스', '제주', '카페맞팔환영', '제주맛집', '제주살이', '크림함박스테이크', '누룽지식당', '커피', '운동하는여자', '팔로우', '향토카페', '내입맛에딱', '운동영상', '운동하는남자', '아라동카페', '바싹바싹', '텐동맛집', '카페탐방', '제주도여행', '퇴근후', '선팔환영', '제주도민', '텐동', '선팔맞팔', '헬린이', '카페추천', '차카페', '일상', '제주바디프로필', '부부일상', '장거리연애', '오늘의저녁', '전통차', '손혜정', '운동루틴', '제주돼지갈비', '커피맛집', '이색카페', '제주부부', '제주카페추천', '살찌는여행', '팔로우환영', '제주대카페', '민화클래스', '오온', '운동스타그램', '제주시청', '카페', '다이어트', '주말데이트']"
40,이호1동,"['2020-11-29T12:57:52.000Z', '2020-11-29T13:55:18.000Z', '2020-11-29T17:55:37.000Z', '2020-11-24T11:36:17.000Z', '2020-11-24T06:38:43.000Z', '2020-11-16T09:13:45.000Z', '2020-11-24T09:10:05.000Z', '2020-11-24T12:56:48.000Z', '2020-11-29T17:09:27.000Z']",239,"['대한민국구석구석', '인친환영', '얼그레이크림라떼', '20201113', '제주맛집', '제주여행', '인친', '제주도여행코스', '인그리드', '제주도여행', '헝키도리일상', '이호테우해변카페', '국내여행', '이호테우', '일상', '나의라임_둘이서여행_6번째_제주', '좋아요반사', '맞팔선팔환영', '데일리그램', '제주핫플', '99개국을여행할때까지', '청귤에이드', '하우키즈풀', '여행템', '감성사진', '모녀여행', '일상그램', '제주도', '제주카페', '엄마와딸', '카페투어', '제주바다', '여행지추천', '제주', '제주도카페', '바다스타그램', '맞팔환영', '제주도바닷가', '라이프스타일', '여행스타그램', '제주도가볼만한곳', '맛스타', '이호테우해수욕장', '여행에미치다', '인팔', '배낭여행', '일상기록', '제주도푸른밤', '나의라임_둘이서여행', '먹스타맞팔', '맞팔', '선팔하면맞팔', '7살', '이호태우해변', '먹스타소통', '여기가포토존', '일상소통', '맛있다그램', '이호테우해변', '먹스타그램', '딸이랑여행', '소통', '카페스타그램', '블랭킷', '데일리', '구름스타그램', '나의라임', '일상스타그램', '바닷가', '소통해요', '소니미러리스', '밥도둑', '선팔', '바다여행', '여행', '첫줄반사', '라이트룸', '푸드스타그램', '아이폰사진', '소니이미지갤러리', '구름사진', '소통스타그램', '먹스타', '데일리룩', '맛스타그램', '일곱살', '이호태우말등대', '제주도맛집', '말등대', '셀피', '이호테우목마등대', '바다', '카페']"
41,일도1동,"['2020-11-29T16:24:06.000Z', '2020-11-24T08:30:16.000Z', '2020-11-24T11:11:32.000Z', '2020-11-28T14:59:32.000Z', '2020-11-27T10:00:04.000Z']",81,"['치즈감튀', '좋아요', '햇빛', '백만년만에', '중앙로', '제주도', '제주쇼핑', '미소벙커', '셀카', '제주에미치다', '비밀', '맥앤치즈치킨', '나들이', '탑동', '제주옷가게', '메이크업', '제주맛집', '제주', '휴가', '쨍쨍', '제주여행', '분위기깡패', '동문시장', '커피', '커플샷', '여행', '봄날', '거울샷', '칠성로', '서비스', '셀스타그램', '관덕정', '제주라이프', '맥앤치즈매콤치킨', '셀카그램', '제주도민', '애월카페', '해물짬뽕탕', '젊은청년들', '제주펍', '인스타그램', '하늘', '숨비페어스', '일상', '궈궈', '여유', '스테이크세트', '오오티디', '화장', '예쁘다그램', '야간경관조성사업', '제주칠성로', '힐링', '제주맘', '제주관광공사', '헤어라인', '인스타데일리', '산책', '인스타보고왔어요', '미소게스트하우스', '데일리', '셀피', '애월', '마음에온', '행복해', '제주시청', '카페', '먹는다우선생', '제주동문시장']"
43,조천읍,"['2020-11-24T12:32:33.000Z', '2020-11-24T08:30:58.000Z', '2020-11-24T06:29:07.000Z', '2020-11-27T09:50:15.000Z', '2020-11-28T14:50:06.000Z', '2020-11-29T08:59:59.000Z', '2020-11-24T07:11:33.000Z', '2020-11-29T11:48:03.000Z', '2020-11-22T12:13:00.000Z', '2020-11-24T11:20:02.000Z', '2020-11-24T10:49:58.000Z', '2020-11-29T18:29:46.000Z', '2020-11-24T11:36:08.000Z', '2020-11-27T09:54:37.000Z', '2020-11-24T13:08:56.000Z', '2020-11-24T10:29:05.000Z', '2020-11-24T06:36:49.000Z', '2020-11-19T08:35:12.000Z', '2020-11-24T08:31:27.000Z', '2020-11-29T14:47:34.000Z', '2020-11-29T22:21:16.000Z', '2020-11-24T09:59:12.000Z', '2020-11-24T09:53:59.000Z', '2020-11-24T10:12:32.000Z', '2020-11-24T08:31:57.000Z', '2020-11-24T02:06:28.000Z', '2020-11-24T13:39:18.000Z', '2020-11-24T09:14:44.000Z', '2020-11-29T09:54:41.000Z', '2020-11-29T10:52:34.000Z', '2020-11-24T13:00:08.000Z', '2020-11-24T07:48:36.000Z', '2020-11-29T12:49:51.000Z', '2020-11-24T11:37:16.000Z', '2020-11-24T09:17:30.000Z', '2020-11-29T08:52:20.000Z', '2020-11-29T08:57:35.000Z', '2020-11-24T11:49:33.000Z']",434,"['함덕게으르게', '함덕맛집', '안부럽다안부럽다', '소확행', '22', '닭머르해안길', '산', '소소한행복', '취저', '서우봉', '여행계정', '좋다', '색감사진', '조천카페', '제주여행', '게으르게팬션', '캠핑', '인친', '산악인이되고싶은아줌마', '휴가', '오붓한테이블', '커피', '冬', '꿀맛', '행복', '카페더콘테나', '제주도여행', '언제나맑음쌤', '헬리녹스', '남매룩', '어디로', '국내여행', '좋반테러', '제주게으르게', '함덕서우봉해변', '일상', '남매샷', '좋아요반사', '산굼부리', '풍경', '오오티디', '미스테리렌치', '제주숲길', '직장인스타그램', '반디파스타', '좋아요그램', '디저트', '뽈락아담엔나도손맛좀보게해주라', '가족여행', '짱짱', '秋', '인물사진', '旅行', '게으르게펜션', '제주일상', 'ㅠㅠ', '제주도', '포토존', '제주카페', '필라테스강사김맑음', '엄지엄지척', '제주바다', '신난당', '핫플', '커피리브레원두', '제주', '닭머르해안', '오직한팀만을위한', '제주살이', '수다삼매경', '욜로', '사진스타그램', '팔로우', '사진에미치다', '조천맛집', '제주밤낚시', '게으르게함덕', '게으르게', '하루', '지금까지이런맛은없었다', '좋반', '마들렌', '인물스타그램', '조천', '여행스타그램', '나닮은', '걷기스타그램', '다니쉬', '소소한일상', '23', '팔로우백', '아이고부러워라', '색감', '추억여행중', '함덕해변', '여행에미치다', '해리경석', '올해첫뽈락', '함덕펜션', '일상기록', '신촌포구', '스테이프롬제이_동네산책', '프라이빗카페', '제주도게으르게', '코로나싫어', '99', '사진소통', '유튜브', '관광객모드', '라이카', '고집돌우럭', '그나저나', '맞팔', '피톤치드', '연유마들렌', '해녀김밥', '먹방', '짱맛', '육아기록', '뽈락루어낚시', '명소', '사진계정', '노을은', '가을', '190504', '부모님', '풍경사진', '공간', '창꼼', '커플사진', '함덕서우봉해변맛집', '소모임대관', '필라테스', '색감스타그램', '억새밭', '산스타그램', '유투버', '함덕해변맛집', '선팔환영', '먹스타그램', '육아일상', '귤', '먹부림', '아이폰12프로', '지인언니찬스', '노을명소', '소모임', '캠린이', '이렇게물때좋은날도못잡으면낚시그만해야한다던데', '인친해요', '제주바다뷰', '소통', '사려니숲길', '겨울', '이화영은제주', '맑음쌤', '전복해물라면', '햇빛쨍쨍', '데일리', '순전이해녀김밥', '오직1팀', '게으르게제주', '이곳저곳', '오름', '가족', '일상스타그램', '좋아요', '햇빛', '미니멀라이프', '스테이프롬제이', '나만아줌마', '바닷가', '뷰맛집', '딱새우김밥', '창꼼바위', '우리집', '억새', '팔로우해요', '나만꽝', '함덕', '파스타', '나홀로제주', '선팔', '어쩌다', '인물촬영', '여행', '집', '서우봉해변', '여행사진', '조천읍맛집', '서우봉둘레길', '커플룩', '루프탑', '한라산', '제주드루앙', '해산물전문', '출장중', '맛집', '추억', '아줌마그램', '제주오름', '인스타그램', '하재사진', '니모아톰', '카페콘테나', '백패킹', '가을제주', '북촌리393', '소모임장소', '힐링', '백린이', '소모임공간', '풍경스타그램', '바람좋은날', '함덕해수욕장', '백록담', '비글커플', '제주시맛집', '럽스타그램', '두배가된지리탕', '바다', '카페', '신행']"
44,표선면,"['2020-11-24T08:13:12.000Z', '2020-11-29T16:43:13.000Z', '2020-11-29T16:38:15.000Z', '2020-11-24T11:30:47.000Z', '2020-11-19T08:34:39.000Z', '2020-11-24T07:38:19.000Z', '2020-11-29T15:57:13.000Z', '2020-11-24T11:53:21.000Z', '2020-11-24T12:35:35.000Z', '2020-11-29T11:55:09.000Z', '2020-11-24T10:57:58.000Z', '2020-11-24T10:11:27.000Z', '2020-11-24T11:57:16.000Z', '2020-11-24T06:27:58.000Z', '2020-11-24T09:16:28.000Z', '2020-11-21T10:56:30.000Z', '2020-11-24T07:31:14.000Z', '2020-11-09T13:25:43.000Z']",147,"['표선해수욕장', '포토', '여러분우리골프해요', '제주맛집', '제주여행', '표선해비치맛집', '휴가', '포장2천원할인', '표선', '푸라닭표선점', '카페더콘테나', '소주', '맛집스타그램', '제주도여행', '달밍픽', '제주도민', '귤나무', '제주소주', '일상', '푸라닭', '따라비오름', '좋아요반사', '드르쿰다', '표선해수욕장맛집', '풍경', '제주타투', '201129', '구옥리모델링', '고추마요', '감성사진', '보쌈의달인', '일상그램', '제주일상', '제주도', '제주카페', '나무', '가을스타그램', '카페모알보알', '작업실', '해비치호텔', '제주', '사진스타그램', '휠핑', '소소한일상', '킹덤하우스', '표선배달', '치킨', '일상기록', '허브동산', '사진소통', '제주부부작가', '고집돌우럭', '맞팔', '표선보쌈의달인', '선팔하면맞팔', '제주스타그램', '그랜드오픈', '황금향', '먹방', '표선맛집', '캐논이미지스토밍', '방주교회', '제주생활', '쩨윤팸_한달살기', '일상소통', '표선배달맛집', '해비치', '카페델문도', '예술', '선팔환영', '털보스협재밀', '해비치호텔맛집', '웃어', '싼타페', '백화수복', '야경', '서귀포맛집', '소통', '해비치맛집', '한옥', '신상', '디자인', '데일리', '표선보쌈', '표선세화', '오름', '일상스타그램', '소통해요', '표선보쌈맛집', '우리집', '억새', '해비치캠프닉패키지', '시골집', '캠프닉', '나홀로제주', '선팔', '광고', '여행', '서귀포', '한라산', '현대자동차', '선흘', '제주민속촌', '사진', '블랙알리오', '남원', '버드나무집', '귤농사', '힐링', '재배', '성산', '여행후기', '앞마당']"
48,한경면,"['2020-11-24T09:54:02.000Z', '2020-11-24T10:02:28.000Z', '2020-11-24T11:31:41.000Z', '2020-11-27T10:02:09.000Z', '2020-11-24T11:56:03.000Z', '2020-11-29T13:54:38.000Z', '2020-11-23T14:12:40.000Z', '2020-11-24T08:15:41.000Z', '2020-11-24T07:16:42.000Z', '2020-11-29T13:50:45.000Z', '2020-11-28T15:56:26.000Z', '2020-11-24T08:55:36.000Z']",131,"['냠냠', '제주서부여행', '혼밥', '재충전하고올께요', '독채펜션', '너란여자', '제주맛집', '제주여행', '혼행', '노을맛집', '인친', '체험프로그램', '석양', '유적지', '겁나추워', '반딧불이마을', '생선튀김', '좋반테러', '미술관관람', '청년회', '일상', '존맛탱', '딸들', '좋아요반사', '제주핫플', '김포맘', '제주맘', '신창풍차해안도로', '조용하니좋다', '신석기', '마음껏웃어라', '각재기', '여행하며크는자매', '미술관데이트', '체험키트', '대물식당', '제주도', '당산봉', '매운탕맛집', '제주', '제주서부', '제주가볼만한곳', '고산리선사유적지', '청수리', '맛집투어', '고등어회', '판포리', '풍차', '차귀도', '20201128', '장진우식당', '스테이예스', '이장님', '맛있어', '먹스타맞팔', '고산리', '워킹스루', '맞팔', '제주스타그램', '안보이니까', '텔레스코프', '가즈아', '포도냐제주', '맘스타그램', '먹스타소통', '제주고산리유적', '수월봉', '가을', '데이트', '신석기유적지', '먹스타그램', '오후의뜰', '제주가을', '제주선사', '육아', '맛집추천', '데일리', '제주현대미술관', '차귀도배낚시', '신혼여행', '일기', '좋아요', '포도냐투어', '제주니아', '장리석', '교육프로그램', '억새', '제주고산리유적안내센터', '매운탕', '제주관광', '서귀포', '나란여자', '제주라이프', '맛집', '저지리예술인마을', '멋지다', '제주다움', '제주장진우식당', '고산리식토기', '자매', '해안도로', '맛스타그램', '가을제주', '맘카페', '진성배낚시', '귤농사', '힐링', '제주도민맛집', '추워도사진은찍어야지', '카페', '무료']"
49,한림읍,"['2020-11-29T15:35:37.000Z', '2020-11-24T07:17:39.000Z', '2020-11-24T06:35:44.000Z', '2020-11-24T07:58:31.000Z', '2020-11-24T10:15:25.000Z', '2020-11-24T06:38:08.000Z', '2020-11-24T10:12:46.000Z', '2020-11-24T10:57:50.000Z', '2020-11-24T08:53:21.000Z', '2020-11-24T13:55:25.000Z', '2020-11-24T09:33:42.000Z', '2020-11-24T07:53:23.000Z', '2020-11-24T08:36:16.000Z', '2020-11-24T07:54:19.000Z', '2020-11-24T12:12:22.000Z', '2020-11-24T10:50:50.000Z', '2020-11-24T08:57:46.000Z', '2020-11-24T07:51:35.000Z', '2020-11-24T10:37:44.000Z', '2020-11-24T06:29:25.000Z', '2020-11-23T14:07:29.000Z', '2020-11-19T08:29:37.000Z', '2020-11-24T06:56:45.000Z', '2020-11-29T10:53:18.000Z', '2020-11-24T12:15:24.000Z', '2020-11-24T11:35:31.000Z', '2020-11-27T07:03:06.000Z', '2020-11-29T21:49:10.000Z', '2020-11-24T10:53:57.000Z', '2020-11-24T07:52:31.000Z', '2020-11-24T12:57:22.000Z', '2020-11-24T08:48:45.000Z', '2020-11-24T07:23:38.000Z', '2020-11-24T08:57:59.000Z', '2020-11-29T10:52:47.000Z', '2020-11-29T16:54:06.000Z', '2020-11-24T07:16:00.000Z', '2020-11-24T07:52:07.000Z', '2020-11-24T08:34:59.000Z', '2020-11-24T09:52:35.000Z', '2020-11-24T09:37:03.000Z', '2020-11-28T14:45:04.000Z', '2020-11-27T10:00:15.000Z', '2020-11-24T07:52:52.000Z', '2020-11-29T14:55:32.000Z', '2020-11-24T08:12:12.000Z', '2020-11-24T09:28:28.000Z', '2020-11-24T06:34:34.000Z', '2020-11-24T07:18:06.000Z', '2020-11-24T07:53:49.000Z', '2020-11-24T07:44:46.000Z', '2020-11-24T08:14:02.000Z', '2020-11-24T10:17:54.000Z', '2020-11-24T08:10:15.000Z', '2020-11-24T11:53:15.000Z', '2020-11-29T09:47:07.000Z', '2020-11-24T07:30:32.000Z']",627,"['감성포차', '초겨울', '아는언니네', '금오름노을', '금능해변일몰', '협재카페', '금능해변', '소규모파티', '우정여행', '천혜향', '메모', '이은정', '다람쥐식탁', '우리의소원을담아', '제주맛집', '제주여행', '나들이그램', '제주서쪽', '찐', '노을맛집', '싱싱잇', '소원이이루어지길', '구름잔뜩', '반가운싸인', '제주마중', '통창뷰', '아이폰', '달', '동명정류장', '제주도여행', '한라봉', '금능맛집', '국내여행', '낙엽우수수', '트립', '좋반테러', '남는건사진뿐', '필카갬성', '일상', '돌하르방', '좋아요반사', '김해', '오오티디', '아들들이랑여행', '제주핫플', '고양이', '비가오는날', '첫줄', '금능해수욕장', '협재맛집', '제주서쪽맛집', '김포로출발', '한림맛집', '팔로우환영', '협재술집', '한담해안산책로', '바다보며', '씨리얼', '테쉬폰', '앤트러사이트한림', '딱새우장정식', '중문', '기다릴게챌린지', '제주일상', '아름다운섬', '레이지펌프', '제주도', '제주카페', '해변걷기', '카페투어', '나들이', '글귀', '제주바다', '협재해수욕장맛집', '제주', '제주살이', '간장흑돼지덮밥', '바다스타그램', '팔로우', '바쁘다바빠현대사회', '제주한림', '흔들림', '순이네감귤농장', '좋반', '제주한림카페', '여행스타그램', '문바다_여행', '글스타그램', '제주펍', '23', '드라이브', '공간탐사', '여행에미치다', '아기푸들', '정전기', '98', '새별오름나홀로나무', '君の名は', '서울', '우유부단', '카페아꼼', '줌마그램', '삼삶스토리', '한림', '맞팔', '선팔하면맞팔', '우무', '제주셀프웨딩', '황금향', '셀카', '자연', '제주술집', '별', '구름', '가을', '후와후와픽쳐스', '소규모파티게하', '제주돈까스', '배경', '제주협재맛집', '협재1번가', '셀스타그램', '제주한림항풍경', '펍', '좋다좋아', '아름다운바다', '또올께', '협재입니다', '레드향', '나홀로나무', '감성스내제주스냅', '귤', '아이폰12프로', '글', '금능', '협재식물원', '하늘', '협재게스트하우스', '나의제주', '기록', '수제협제돈까스', '제주랜디스도넛', '소통', '협재해수욕장', '지혜지민은정유리', '협재', '급추웡', '글귀스타그램', '제주도술집', '데일리', '성이시돌목장', '애월', '20201102', '한림항', '크로플', '바다앞숙소', '뷰', '제주도그램', '문바다_제주', '좋아요', '정관장', '뷰맛집', '비행기이륙직전', '좋튀', '주무시는중', '제주써니하우스', '제철과일', '제주건축', '한림카페', '함덕', '카페여행', '선팔', '스냅', '오누큐브', '힐링여행', '여행', '제주그램', '여행사진', '바람쐬며', '서귀포', '똥지뢰밭', '제주도멋집', '아쉬운마음가득', '제주일몰', '바다뷰', '소니이미지갤러리', '우리집아점', '꽃', '겨울제주인가', '제주오름', '노을', '인스타그램', '협제해수욕장', '돈가스', '금오름', '저뒤에고양이있음', '사진', '먹거리', '써니하우스', '금악오름', '돌쌓기', '제주애견동반카페', '나만아는', '가을제주', '자연산안약', '협재홀라인', '힐링', '좋테', '제주도맛집', '밤하늘', '스냅사진', '웨딩스냅', '안녕', '협재술집추천', '얼그레이에이드', '셀피', '성산', '바다', '카페', '바람싸대기맞으며', '관심']"
