,hashtag,count
400,제주,514
394,제주도,236
1244,제주여행,127
2077,jeju,109
550,제주도여행,103
2325,제주맛집,74
846,여행,73
559,일상,64
2361,제주카페,59
850,서귀포,54
2002,제주살이,52
1847,맞팔,51
1015,좋아요,48
1543,소통,46
1263,좋아요반사,46
2754,daily,41
485,제주맛집추천,41
1479,여행스타그램,37
1910,선팔,36
197,카페,35
898,제주도민,34
409,좋반,33
320,데일리,32
2184,제주일상,32
1590,제주도맛집,32
2154,jejuisland,32
2038,ootd,25
1935,성산카페,24
1507,선팔하면맞팔,24
1232,바다,24
2559,제주카페추천,22
403,제주가볼만한곳,22
1004,서귀포카페,22
580,제주바다,21
222,국내여행,21
1062,셀피,21
301,먹스타그램,21
1108,감성사진,21
1815,selfie,20
1789,fff,20
2716,팔로우,19
1976,제주핫플,19
2296,맛집,19
384,협재맛집,19
2516,협재술집,18
482,애월,18
1953,우도,18
2774,서귀포맛집,18
715,성산,17
309,travel,17
974,셀카,17
1121,제주도카페,17
1476,instagram,17
2153,인친,16
2780,동백꽃,16
1306,제주도가볼만한곳,16
2515,한림맛집,16
2837,instagood,16
1819,빛의벙커,15
1852,잔디공장,15
2210,여행에미치다,15
2440,일상스타그램,15
2299,사진,15
351,제주시맛집,14
2483,럽스타그램,14
1737,cafe,14
1291,카페투어,14
1054,성산일출봉,14
1917,여행사진,14
2657,애월맛집,13
1036,한라산,13
2081,카페스타그램,13
1655,한담맛집,12
2628,성산맛집,12
2200,제주여행코스,12
2510,풍경,12
491,소통해요,12
1861,f4f,12
2576,제주술집,12
153,제주도술집,12
1346,카멜리아힐,12
2198,likeforfollow,11
881,대한민국구석구석,11
2262,협재해수욕장,11
869,힐링,11
2097,뷰,11
1025,함덕,11
160,사진맛집,11
193,제주도민맛집,11
315,협재,11
818,육아,11
52,followforfollowback,11
296,셀스타그램,10
771,선팔맞팔,10
572,중문,10
275,instadaily,10
256,잔디공장방문자,10
1707,귤,10
1581,제주스냅,10
1862,커플사진,10
1207,제주도맛집추천,10
1968,제주흑돼지맛집,10
1282,흑돼지,10
1608,동백포레스트,10
2172,오오티디,10
1466,여행지추천,10
1072,dailylook,10
945,제주공항맛집,9
2500,좋반테러,9
511,제주도멋집,9
544,제주서쪽,9
40,드르쿰다,9
1238,감성포차,9
1226,korea,9
1398,인스타그램,9
32,필름사진,9
1438,서귀포흑돼지,9
417,제주도흑돼지맛집,9
2358,insta,9
2591,협재입니다,9
1832,follow,9
2846,협재술집추천,9
280,애월해안도로맛집,9
1692,제주흑돼지,9
2686,좋아요테러,9
689,jejudo,9
877,제주도흑돼지,9
780,제주사는여자,9
2061,협재1번가,9
1172,협재게스트하우스,9
1157,제주맛집투어,9
1873,레트로감성사진관,8
181,제주오션뷰맛집,8
1492,제주애월맛집,8
2282,vintagestyle,8
2769,제주혼밥추천,8
1189,likeforlikes,8
1411,제주도맛집투어,8
2575,제주저녁식사,8
425,일상기록,8
2563,애월저녁식사,8
445,먹방,8
2374,공간스냅,8
838,제주도게스트하우스,8
2285,마녀상회,8
365,휴가,8
183,filmphotography,8
284,제주도흑백사진관,8
1701,제주도사진관,8
202,제주잔향,8
2212,최애맛집,8
2192,우정사진,8
1729,빈티지사진관,8
2714,제주도카레,8
1759,데일리룩,8
1517,잔향다방,8
1610,서귀포흑돼지맛집,8
13,흑백사진관,8
2649,jmt,8
1055,카레맛집,8
1798,반려동물,8
186,제주점심추천,8
475,용머리해안,8
166,잔향사진관,8
38,애월점심추천,8
543,애월카레,8
2382,짬뽕카레,8
705,맛스타그램,8
743,애월밥집추천,8
2756,가을,8
647,사이카레,8
749,흑돼지근고기,8
597,식물카페,8
161,제주혼밥맛집,8
1220,애월혼밥,8
751,백돼지근고기,8
2056,한라수목원,8
546,커피,8
98,제주동백,8
2490,가족사진,8
2318,잔향,8
1173,selca,8
1307,빈티지감성,8
834,프로필,8
2800,제주혼밥하기좋은곳,8
2520,마음쉼터,8
500,용눈이오름,8
849,일몰,7
2413,lfl,7
2376,likesforlike,7
231,산굼부리,7
2047,자연,7
707,가을제주,7
1003,세화카페,7
435,l4l,7
2420,이호테우해변,7
1921,새별오름,7
2174,도민맛집,7
383,첫줄,7
2046,표선맛집,7
1886,제주여행중,7
1550,아쿠아플라넷제주,7
2634,첫줄반사,7
2034,등산,7
1985,다이어트,7
861,하도리카페,7
2277,제주동쪽카페,7
67,우도카페,7
122,풍경사진,7
1200,가을정원,6
264,섭지코지,6
1742,운동하는여자,6
2491,광치기해변,6
151,성산일출봉카페,6
2502,제주카페그램,6
62,그림그리는카페,6
505,제주카페가볼만한곳,6
503,나홀로제주,6
158,에곤쉴레,6
2530,섭지코지카페,6
1310,제주펍,6
1325,제주스타그램,6
1364,photo,6
2462,trip,6
1930,소통스타그램,6
1378,제주나만아는카페,6
1433,셀카그램,6
1437,애월카페,6
2625,억새,6
1515,맘스타그램,6
2642,제주오름,6
2645,제주성산카페,6
196,휴애리,6
1828,운동,6
1824,following,6
2801,travelgram,6
1795,에곤카페,6
1726,egonschiele,6
78,에곤쉴레카페,6
692,제주이쁜카페,6
982,여기가포토존,6
931,사진스타그램,6
657,사려니숲길,6
938,맞팔환영,6
1040,제주라이프,6
630,foodporn,6
698,돈가스,6
1088,맛집스타그램,6
1095,맞팔선팔환영,6
2342,제주이색카페,6
2311,하도카페,6
802,종달리카페,6
2643,카페추천,5
385,jejutravel,5
1928,월정리,5
312,겨울,5
36,제주도추천,5
2320,인친환영,5
389,데이트코스,5
1884,맛집추천,5
930,신화월드맛집,5
2281,스테이크,5
2829,photography,5
1855,오설록맛집,5
2624,제주와인창고,5
2256,하늘,5
2226,한림,5
1359,선팔환영,5
2214,드르쿰다in성산,5
2512,instalike,5
2479,한담해변,5
557,food,5
2481,백록담,5
1107,맞팔해요,5
548,like4likes,5
2489,산,5
2654,말등대,5
1059,함덕해수욕장,5
643,산스타그램,5
165,ff,5
1253,행복,5
998,감성,5
1258,와인추천,5
1275,또달린다,5
997,네일하는여자,5
1992,여행기록,5
989,펍,5
571,뽕끌랑,5
2850,신행,5
1255,제주도여행코스,5
1728,와인,5
11,감바스스파게티,5
215,아이폰,5
1598,제주카페투어,5
632,일상소통,4
592,coffee,4
2126,이호태우말등대,4
413,등산스타그램,4
141,신산리카페,4
1097,금능해수욕장,4
416,프론토웨건,4
1672,스누피가든,4
402,지금까지이런맛은없었다,4
587,제주밤낚시,4
1388,제주도핫플,4
1385,환상의섬jejuisland,4
426,신촌포구,4
1134,인팔,4
1141,mikrocosmos,4
2138,안돌오름,4
1058,풍경스타그램,4
2796,문바다_제주,4
2140,안부럽다안부럽다,4
996,야경,4
1448,뽈락아담엔나도손맛좀보게해주라,4
2168,나혼자산다,4
1444,제주카페탐방,4
1436,고기국수,4
639,육아템,4
2158,웨건,4
2156,오름투어,4
2151,노을맛집,4
1678,제주데이트코스,4
1892,제주전망,4
1042,노을,4
2430,제주시,4
398,핫플,4
2791,오름,4
2083,곰표맥주,4
2476,음식,4
566,가족여행,4
1231,미니언즈,4
1746,Jeju,4
2504,푸라닭,4
1216,제주동백꽃,4
1294,정나미,4
164,한라봉에이드,4
1287,월정리인카페,4
513,피자,4
2542,깨방정,4
1278,롯데호텔제주,4
2741,그나저나,4
1266,성산일출봉맛집,4
2008,말표맥주,4
2009,광이오름,4
2523,레이지펌프,4
1309,23,4
1318,사진소통,4
1876,제주감귤,4
1362,지인언니찬스,4
2080,커피맛집,4
437,수제돈까스,4
562,소우주,4
1933,yayoikusama,4
2076,pizza,4
1666,엄지엄지척,4
1939,상효원,4
455,물멍,4
145,이렇게물때좋은날도못잡으면낚시그만해야한다던데,4
1940,두배가된지리탕,4
1634,이호테우해변카페,4
1341,신산리,4
1958,likeforlikeback,4
242,제주숙소,4
1461,시크포베이비,4
1749,해산물전문,4
696,추억,4
766,followｍe,4
1710,보롬왓,4
2705,페퍼로니피자,4
2209,이거슨신세계,4
1857,뽈락루어낚시,4
952,아이고부러워라,4
2757,제주한달살기,4
2650,셀스타,4
1689,먹스타맞팔,4
1769,01,4
948,월정리맛집,4
946,문바다_여행,4
1831,올해첫뽈락,4
701,비비안느,4
845,제주도횟집,4
2706,한국,4
1500,수다,4
2626,나만꽝,4
2661,보스코화덕피자,4
220,팔로미,4
720,닭머르해안길,4
2640,소니이미지갤러리,4
920,ㅠㅠ,4
716,love,4
983,구름,4
2231,유아웨건,4
733,아빠도타보고싶다,4
2258,스누피,4
2232,황금향,4
2234,제주기념품,4
781,곽지맛집,4
1528,제주도횟집추천,4
1477,서지혜맥주,4
775,도두해안도로,4
1184,followfollow,3
246,게스트하우스,3
2264,제주뷰맛집,3
2487,제주횟집,3
1170,키멜리아힐,3
873,술집,3
1176,김녕와인바,3
2355,제주애견동반숙소,3
1660,남짓은오름,3
2065,스테이동백,3
105,미스틱3도,3
666,신혼여행,3
1787,이호테우,3
2352,gimnyeong,3
255,sea,3
2323,제주여성전용1인실,3
1247,한라산등반,3
254,포토존,3
1702,와인바,3
253,오조리감상소,3
2335,모임,3
2019,감귤,3
2685,비양도,3
211,바람많이분다,3
2023,제주애견동반게하,3
2509,체력,3
2336,제주도일몰,3
2338,선셋오름투어,3
59,일상그램,3
2303,follow4like,3
2507,moonbada_jeju,3
517,제주와인바,3
821,김녕,3
1217,백패킹,3
117,더본호텔,3
113,wine,3
2688,모슬포,3
2350,팔로우환영,3
2044,제주보름살이,3
64,나들이,3
2492,협재카페,3
2367,협재해수욕장맛집,3
2379,moonbada_voyage,3
1164,김녕장,3
138,제주가을,3
2391,제주연돈,3
2519,한담해안산책로,3
208,힐링치유,3
2205,제주귤,3
2201,20,3
678,다렉,3
641,인증샷,3
967,스킨플래닝,3
1027,구좌읍맛집,3
1721,제주도맛집여행,3
1018,뷰맛집,3
1047,해안도로,3
86,올레2코스,3
673,육아소통,3
2417,얼스타그램,3
223,면역력,3
1013,제주지현,3
136,제주보름살기,3
1718,이화영은제주,3
1001,인친해요,3
1686,제주한달살이,3
2403,lazypump,3
628,나홀로여행,3
624,hotplace,3
900,제주여행추천,3
2218,좋은사람,3
1153,제주게하,3
723,금능해변,3
1148,gimnyeonghall,3
2404,캐논이미지스토밍,3
2087,대정맛집,3
2090,제주캘리그라피,3
927,해비치호텔,3
1693,헬스타그램,3
1124,무릉외갓집,3
1115,세화해변,3
936,travel_to_jeju_hy,3
944,김녕장게스트하우스,3
702,제주열흘살기,3
1100,디저트,3
1082,베케,3
2453,김녕회관,3
1081,건강관리,3
608,kpop,3
2699,좋아요그램,3
1070,vacation,3
1069,구좌술집,3
615,제주공항근처맛집,3
290,winebar,3
785,월정리카페,3
1764,월정리해수욕장,3
2571,제주도게하,3
1519,패션,3
328,힐링여행,3
1838,날씨,3
326,취미생활,3
422,제주오름인,3
1387,중문맛집,3
1381,제주1인실숙소,3
1379,이곳저곳,3
1595,holiday,3
2568,덕분에,3
187,liketime,3
1376,인스타,3
8,제주여성전용게하,3
1374,혼술,3
1370,인맥,3
1758,제주혼여,3
2561,피드,3
1818,제주여성전용숙소,3
1342,김녕펍,3
1336,목도리,3
2579,동백군락지,3
2581,친목,3
307,instatravel,3
2620,제주여성전용게스트하우스,3
1617,연돈,3
1449,김녕술집,3
1447,제주맘,3
34,트레킹,3
2601,여행그램,3
2831,금오름,3
1859,여행나들이,3
1762,술스타그램,3
1428,카페더콘테나,3
348,스냅사진,3
2582,koreatravel,3
2588,갯깍주상절리,3
2730,취미,3
1775,도전,3
1909,제주아이와가볼만한곳,3
406,없음,3
2631,pub,3
1844,제주시청,3
1605,bar,3
1404,남원,3
1553,제주도한달살기,3
369,오름공기,3
1293,번개모임,3
304,해비치호텔맛집,3
2813,스냅,3
1583,김녕성세기해변,3
262,인생의삶,3
1997,like4like,3
1786,한라봉,3
1576,얼어죽을뻔,3
469,딱새우회,3
259,바다스타그램,3
484,여자혼자제주여행,3
1312,제주반려견동반숙소,3
1265,공백,3
1272,걷기,3
1752,followme,3
1558,햇빛,3
1970,정신력,3
1774,이은정,2
2319,비타민,2
797,동백,2
2183,flashback,2
1496,제주겨울,2
1498,98,2
799,사진계정,2
1499,팔로워,2
1588,올레시장먹거리,2
941,kstar,2
1502,산책,2
2842,갬성,2
949,제주도카페추천,2
1850,샤이니숲길,2
1467,티타임,2
2827,꽃,2
1508,biyangdo,2
1715,제주바다뷰,2
2181,바다보며,2
788,snap,2
2216,맛집탐방,2
1856,청희오렌지,2
1586,찰리브라운,2
793,수족관,2
1485,걷기스타그램,2
1471,제주인,2
1478,조천,2
1616,딸스타그램,2
984,데이트,2
2193,제주옷가게,2
2197,제주도추억하기,2
1865,제주돈까스,2
965,고집돌우럭,2
1870,함덕해변맛집,2
2204,제주인셀덤,2
97,플랜B,2
1703,함덕서우봉해변맛집,2
959,ootdfashion,2
957,아기푸들,2
2834,캘리그라피,2
1488,naturelove,2
955,전통차,2
1490,sony,2
26,인그리드,2
791,플이스캠프제주,2
950,혼캠,2
1698,韓国,2
1512,별,2
1829,차카페,2
1781,성게칼국수,2
2776,세화리,2
2302,나만아는,2
1700,카페맞팔,2
103,감성스냅,2
2261,화북속눈썹,2
1564,일출,2
2300,먹스타,2
2298,겨울제주인가,2
1537,기록,2
872,instasky,2
116,제주도바람,2
1783,푸라닭표선점,2
2290,skies,2
2838,제주애견동반카페,2
837,감귤체험,2
2275,흑돼지맛집,2
855,협제해수욕장,2
114,방주교회,2
854,헬린이,2
851,루프탑,2
1813,월정리카페거리,2
109,위미,2
817,한달살이,2
884,신화월드,2
14,coffeeshop,2
886,travelpics,2
2221,종주,2
2222,연월,2
2313,이호테우목마등대,2
22,달,2
926,머리보소,2
1697,이호태우해변,2
2,koreanwave,2
1841,udoisland,2
808,분위기좋은카페,2
1572,조천읍맛집,2
1569,숫모르숲길,2
1833,제주댁,2
2235,돔베고기,2
910,제주숲길,2
2309,나예_제주,2
1565,outdoor,2
2835,아쿠아리움,2
902,제주가족여행,2
1530,애견인,2
896,loveyou,2
892,육아스타그램,2
1455,그남자의인셀덤,2
890,캠핑,2
1604,소확행,2
120,제주생활,2
1685,연동,2
1368,수제협제돈까스,2
46,하우키즈풀,2
1735,크리스마스,2
1183,정관장,2
68,조천맛집,2
1327,보타랩,2
1964,월정리바다뷰,2
1174,이색카페,2
1333,제주연월,2
2799,좋튀,2
1169,아이폰12프로,2
1356,서귀포감귤,2
1630,kactress,2
1733,제주도백패킹,2
1667,sunset,2
999,인셀덤V그룹,2
1150,한라생태숲,2
1377,각자취향존중,2
1760,히든클리프,2
2085,travelingram,2
1668,인셀덤,2
1380,가족,2
1135,몸스타그램,2
1626,카페탐방,2
2092,구름위산책,2
2795,제주도그램,2
1126,연예인굿즈,2
2099,스탓필라테스,2
1386,팔로우해요,2
1188,인셀덤사업,2
1973,꿈꾸미,2
1190,traveling,2
1191,우리집,2
2012,팔로우늘리기,2
1259,은재네제주여행,2
1252,backpacking,2
1260,구좌읍,2
1243,제주귤맛집,2
1242,like4follow,2
2808,singsingeat,2
1751,산방산맛집,2
1235,방어,2
1233,여행에미치다_제주,2
1285,서귀포치유의숲,2
1990,제주비자림,2
2030,서울,2
2031,cafestagram,2
1298,사진에미치다,2
1301,인셀덤장영조,2
1303,비행기,2
1744,チェジュ,2
1212,인스타베이비,2
1981,반디파스타,2
2040,지니아펜션,2
1636,제주도대방어,2
1203,선셋,2
2803,주무시는중,2
1743,커플샷,2
1196,파스타,2
1192,성산녘,2
1119,motd,2
2104,snoopy,2
2105,플레이스캠프제주,2
1894,한라산정상1950m,2
1045,naturephoto,2
2148,탑동,2
1893,성이시돌목장,2
1677,고등어회,2
1429,관덕정,2
1430,법환포구,2
1891,글귀스타그램,2
82,휴애리자연생활공원,2
83,veke,2
1763,좋테,2
1434,우도땅콩막걸리,2
1890,제주캘리,2
1028,weather,2
1642,용두암,2
1621,하도리맛집,2
1889,백록담에서,2
85,차귀도,2
1023,밥도둑,2
1441,백기해녀의집,2
1021,증정굿즈,2
1445,제주서쪽맛집,2
1446,하귀필라테스,2
1009,감성카페,2
1008,follow4followback,2
2789,솔캠,2
1450,kdrama,2
2175,데일리그램,2
1426,땅콩막걸리,2
2145,좋다,2
1113,대방어,2
80,추억여행중,2
1926,푸드스타그램,2
2110,제주관광,2
1924,현대자동차,2
1106,고추마요,2
2114,제주앓이,2
1393,제주게스트하우스,2
1922,경남,2
1725,ig_korea,2
1674,camping,2
1919,서우봉해변,2
1086,제주절물자연휴양림,2
2822,good,2
1079,island,2
1078,찐,2
1077,스텝,2
1074,뀰,2
2132,마라도,2
1913,kactor,2
2824,창원,2
1067,traveller,2
2136,관심,2
1761,난드르바당,2
1901,아이돌굿즈,2
1060,아기랑제주,2
1724,팔로우미,2
1899,오늘은,2
1056,월정리해변,2
1649,오늘,2
2715,동문시장,2
708,fitgirl,2
338,베이비,2
2415,제주협재맛집,2
331,신산리맛집,2
530,제주도카페투어,2
532,구좌읍카페,2
329,집,2
658,슈아멜,2
2494,우정여행,2
535,함덕맛집,2
541,천혜향,2
130,3일차,2
2377,아웃도어,2
2565,seogwipo,2
293,제주도숲길,2
574,기다릴게챌린지,2
189,귤농사,2
2729,팔로우백,2
2555,월정리오션뷰카페,2
514,drive,2
451,일요일,2
2683,함덕서우봉해변,2
2459,아라동카페,2
2356,인물사진,2
2681,outfit,2
2763,부부스타그램,2
642,kpopstar,2
340,맘카페,2
518,백록담구름,2
2422,travelphoto,2
2553,거지존,2
268,소소한일상,2
734,월정리바다,2
520,저뒤에고양이있음,2
2673,전시,2
2365,캘리그라피오월,2
710,젊줌마,2
2566,bluesky,2
408,애월더선셋,2
665,코로나,2
686,제주그램,2
672,foodie,2
143,나의제주,2
570,가을산행,2
683,불멍,2
682,만삭사진,2
569,먹방여행,2
306,왕성참숯구이,2
2480,성산일출봉뷰,2
419,가시아방국수,2
677,제주명소,2
2752,소리없음,2
2647,블랙알리오,2
2583,둘째맘,2
2400,혼여,2
303,레드향,2
688,한라산정상,2
134,lightroom,2
430,구좌,2
2737,삼삶스토리,2
668,20201102,2
547,맨즈파워,2
2486,카페인테리어,2
2751,먹스타소통,2
2384,함덕해변,2
2484,동백꽃필무렵,2
302,southkorea,2
553,쏘맥,2
314,canonimagestorming,2
428,우도여행,2
192,niceview제주도민맛집,2
2482,제주대카페,2
671,바닷가,2
2424,육아일상,2
588,lookup,2
596,도두봉,2
205,제주뷰티,2
375,trekking,2
2708,나도,2
752,旅行,2
182,결혼기념일,2
373,도두봉키세스존,2
2452,카페맞팔환영,2
364,산악인이되고싶은아줌마,2
2544,제주횟집추천,2
600,치킨,2
772,skyporn,2
378,돌하르방,2
371,sel,2
768,사진계정맞팔,2
2612,naturelover,2
236,어여쁘소서,2
466,제주공항,2
224,kmusic,2
498,사나이였어,2
496,발라또본부,2
140,tree,2
376,존맛탱,2
226,패션스타그램,2
2454,김영갑갤러리,2
2347,제주도방어맛집,2
2703,군산오름,2
238,고양이,2
763,전신샷,2
233,애월읍,2
746,제주도숙소,2
2517,랜디스도넛,2
591,순이네감귤농장,2
179,커플룩,2
349,럽스타,2
622,tbt,2
2548,1100고지,2
125,창꼼,2
184,바다뷰,2
2328,포장2천원할인,2
2690,인셀덤제주,2
245,오온,2
352,대화,2
180,구름위,2
2527,미소벙커,2
633,향토카페,2
2700,한라산국립공원,2
2329,표선,2
155,운동스타그램,2
209,싱싱잇,2
759,큰엉해안경승지,2
477,방어회,2
2599,제주아쿠아플라넷,2
2711,비자림,2
124,인생샷,2
2764,머체왓숲길,2
356,collection,2
2524,동백수목원,2
2605,해비치맛집,1
2732,함덕펜션,1
2598,조식,1
1885,남원카페,1
1914,제주도캔들,1
1915,제주가족스냅,1
1916,극조생,1
1882,손혜정,1
2606,가까운곳부터,1
1881,화산송이비누,1
2823,에그베네딕트맛집,1
1880,orange,1
1918,악세사리,1
1879,쇠소깍맛집,1
1883,japan,1
2585,페어리제주,1
2604,신기방기,1
1912,노형카페,1
1897,표선보쌈,1
1896,홈카페,1
1895,감성숙소,1
2589,제주오리탕,1
2590,일몰맛집,1
2600,like,1
2728,이번엔먹어줬지,1
1888,주말스타그램,1
2592,제주도회포장,1
2593,수제청,1
2825,귤잼샌드위치,1
1920,모슬포카페,1
2594,별거아니지만특별한,1
2595,진진국수,1
2596,우도봉,1
1898,planespotter,1
2587,딸,1
1887,제주올레시장맛집,1
1907,제주시카페,1
2603,lifestyle,1
1911,제주하늘,1
2584,부모님,1
2597,청년,1
1908,한림카페,1
2586,서귀포파스타,1
1906,자스민티,1
1900,analoguephotography,1
1905,필름카메라,1
1904,강호동,1
1903,제주에미치다,1
1902,딱새우김밥,1
2731,풍차,1
2602,자개모빌클래스,1
2580,중문색달해변,1
2326,제주도부두,1
2821,용머리해안맛집,1
1967,boeing,1
1977,연동오리탕,1
2817,외할아버지밭,1
1975,육아일기,1
1974,부부일상,1
2545,흑우맛집,1
2546,제주도서귀포여행,1
1972,제주흑돼지풀드포크버거,1
1971,현현부부,1
2547,맛집투어,1
1969,dog,1
2549,와랑와랑,1
2733,제주네일샵추천,1
1966,동명정류장,1
2550,제주한달살기숙소,1
1965,송민호,1
2551,디엔디파트먼트,1
1963,휴가는아니고,1
1962,2월의제주,1
1961,marevento,1
2552,언니랑,1
1960,먼지하나없는세상,1
1959,넝쿨하눌가든,1
1978,무농약귤,1
2543,체험단,1
1979,3단플레이트,1
2816,동선제면가,1
2532,여행중,1
2533,즐거움,1
1991,인스타푸드,1
2534,같이,1
1989,난아님,1
2535,하루,1
1988,멍스타그램,1
2536,칠성로,1
2537,흔들림,1
1987,제주동문시장,1
1986,여행하며크는자매,1
2814,담소,1
2538,도담이랑제주도여행,1
1984,생산자직거래,1
1983,수영은_여름에,1
2539,시로코카페,1
1982,제주서귀포카페,1
2540,월정여관,1
2541,sonyimagegallery,1
1980,이순간갤러리,1
2815,제주도바다전망횟집,1
2554,팀워크,1
1957,fitnessmotivation,1
1956,제주태교클래스,1
1936,제주밤바다,1
2738,가을풍경,1
1934,돌쌓기,1
2564,줌마그램,1
1932,threeroosters,1
1931,제주까망라떼,1
1877,맞팔선팔,1
2567,자연비타민,1
2569,濟州島,1
2570,게하스텝,1
2572,韓國,1
1929,선흘,1
2573,코로나꺼져,1
1927,제주앞바다횟집,1
2736,외톨이나무,1
2574,7살,1
2735,우유부단,1
2734,랍스터,1
2577,boeing737,1
1925,JAM,1
1923,이겨내자,1
2578,육아기록,1
2820,용담맛집,1
1937,캐주얼,1
1955,극조생귤,1
2562,동백꽃군락지,1
1954,휴애리동백축제,1
2818,클리닉펌,1
1952,취향존중,1
2819,서황돈까스,1
1951,직딩,1
1950,injeju,1
1949,뭐,1
1948,지미봉,1
1947,22,1
1946,여행후기,1
1945,실버악세서리,1
1944,제주도흑우맛집,1
1943,추워도사진은찍어야지,1
2556,무조건되는사업,1
1942,likelike,1
1941,안덕면맛집,1
2557,스누피덕후,1
2558,peanuts,1
2739,explore,1
2560,축소,1
1938,muchneededgetaway,1
1878,좋은글귀,1
1854,주말,1
2607,살찌는여행,1
1790,어디까지가봤니,1
1770,바람싸대기맞으며,1
2669,지유명차제주점,1
1768,학생승마,1
2670,녹차,1
2720,momanddaughter,1
1767,고맙습니다,1
1766,겨울엔,1
1765,액땜중,1
2671,LALOMA,1
2672,체험프로그램,1
2674,冬,1
2675,매,1
2676,쩐슐랭_제주,1
2677,핑크에진심인편,1
2678,언니,1
2679,제주올레길,1
1757,롸잇나우,1
1756,tattoostudio,1
1755,해물짬뽕탕,1
2680,헬리녹스,1
1754,비누체험키트,1
1753,viaje,1
2682,어디로,1
1771,입도객특별방역조치,1
1772,상어,1
2844,스콘맛집,1
2664,발리인테리어소품,1
1788,staywithcoffee,1
2722,하도리1091,1
2658,서귀포매일올레시장,1
2659,제주비올때,1
2660,텐동,1
1785,푸들스타그램,1
1784,제주자개모빌원데이클래스,1
2662,Thanksgiving,1
2663,충전,1
1782,구름잔뜩,1
2665,포토,1
1773,소규모파티,1
1780,베라체근처,1
1779,韓国カフェ情報,1
1778,제주도한라봉,1
1777,오붓한테이블,1
1776,다람쥐식탁,1
2666,성산스튜디오,1
2721,하늘사진,1
2667,코로나바이러스,1
2668,서황카츠,1
2843,제주도바다캔들,1
1750,언젠가다시챌린지,1
2684,붓글씨,1
2719,goodday,1
1714,커피전문가,1
2717,마스크,1
1723,국토최남단,1
2701,제주공항카페,1
1722,겨울같지않은,1
2702,jejulife,1
1720,제주현대미술관,1
1719,핫플레이스,1
1717,국내도이쁜곳많아요,1
2704,시골냄새,1
1716,쇠소깍,1
1713,선팔후맞팔,1
2697,고2시절변홍섭텝스반6학년잼민이한테점수패배경험,1
2849,그림같은공간,1
2707,동심의세계로,1
1712,감사합니다,1
1711,한반도,1
2709,도민횟집,1
2710,canon6dmark2,1
1709,감귤농장,1
2712,닭머르해안,1
2713,푸들,1
1708,전망,1
2698,대한민국최남단,1
1727,12월이다가온다,1
1748,운동하는남자,1
2847,temple,1
1747,한라봉캔들,1
2718,나닮은,1
1745,plane,1
2687,감성캠핑,1
2689,표선해수욕장맛집,1
1741,tour,1
1740,오누큐브,1
1739,안나옴,1
1738,현대해상,1
2845,안녕,1
1736,해비치캠프닉패키지,1
2696,sk2,1
2691,아들들이랑여행,1
1734,dailysnap,1
2692,산하홍,1
2693,family,1
1732,제주도필라테스,1
1731,포도냐투어,1
1730,제주도공방,1
2848,귤구매,1
2694,workout,1
2695,dvd,1
2656,서귀포맛집추천,1
2655,아쵸샵,1
2608,햇빛쨍쨍,1
1791,청년회,1
2621,한라산소주,1
1853,외돌개,1
2622,베스킨라빈스,1
2623,해독,1
2627,어쩌다,1
2832,제주먹방,1
1851,매일올레돈,1
2727,송당,1
1849,우체통,1
1848,좋아요폭탄,1
2833,먹거리,1
2629,스카이워터쇼,1
1846,워킹스루,1
1845,이장님,1
2630,발버둥,1
2632,타이밍,1
1843,나이키,1
2633,구름이예술,1
1842,seongsanilchulbong,1
2635,부지런한사람들,1
1840,20201128,1
1839,준수,1
2636,하이데어,1
1994,fbf,1
2619,신상카페,1
2618,koreatrip,1
1866,카페델문도,1
1875,앙뚜아네트,1
1874,잘될꺼야,1
2826,우리집아점,1
2609,취미사진,1
1872,신혼부부클래스,1
1871,아름다운바다,1
2610,이니스프리제주하우스,1
1869,여행병,1
1868,토요일도수업합니다,1
1867,표정무엇,1
2828,제주민속촌,1
1858,속초성실젓갈,1
2611,portrait,1
2613,reinatattoo,1
2614,kyong_,1
1864,애스타그램,1
1863,해비치,1
2830,용두암맛집,1
2615,제주시여행,1
2616,콜롬비아라로마,1
1860,190504,1
2617,빠지겄다,1
1837,제주칠성로,1
1836,안알랴줌,1
1835,다가볼꺼야,1
1800,힐링사진,1
1810,aviationdaily,1
1809,카트체험,1
1808,월평동,1
1807,제주원데이클래스,1
1806,짱짱,1
1805,씨리얼,1
1804,웨딩케이터링,1
1803,민화클래스,1
1802,신석기,1
1801,국내라도좋다,1
1799,99개국을여행할때까지,1
1812,쁜네일,1
2651,자연산안약,1
2841,디저트맛집,1
1797,팟끄라파오무쌉,1
1796,힘들어,1
2652,1인2잔,1
2653,folloow,1
1794,김해,1
1793,곽지해수욕장맛집,1
1792,엑소,1
2723,레전드,1
1811,가을스타그램,1
2724,서니데이캘리,1
1834,제주맛집지도,1
2646,우도맛집,1
2637,애월가볼만한곳,1
2638,a7riii,1
2639,우희부부_제주,1
2641,노보정,1
2726,제주이야기,1
1830,키세스존,1
2644,제주전시,1
1827,apple,1
1826,DiscoverWithAlpha,1
1825,제주스누피가든,1
1823,dessert,1
2725,제주왁싱,1
1822,롱패딩계절이왔구나,1
1821,내입맛에딱,1
2836,점심,1
1820,엑티브파크,1
2648,오늘의저녁,1
1817,수다삼매경,1
1816,간장흑돼지덮밥,1
2839,에이바우트커피,1
2840,멋진팀,1
1814,아쵸,1
1993,황우지해안,1
2017,종달리,1
2812,타이백감귤,1
2194,lovely_태태,1
2213,원앤온리,1
2778,순간을소중히,1
2388,태태남매,1
2779,텅인치크,1
2389,aviation,1
2211,빈티지,1
2390,국내여행지추천,1
2392,요크셔테리어미용,1
2393,제주귤농장,1
2208,캐논,1
2394,표선보쌈의달인,1
2395,아라파파,1
2206,제주동쪽,1
2396,연유마들렌,1
2397,용담해안도로,1
2203,돌촬영,1
2202,마들렌,1
2398,제주쇼핑,1
2781,petstagram,1
2399,바디프로필,1
2199,역시나,1
2782,가족사진촬영,1
2196,제주서부,1
2387,배낭여행,1
2386,함께,1
2215,diy,1
2225,mukbang,1
2236,속눈썹펌,1
2373,교원더오름홍승희,1
2761,공동육아,1
2233,흑돼지고깃집,1
2375,봄날,1
2760,교원더오름이완수,1
2230,텔레스코프,1
2229,왁싱샵,1
2228,맛점,1
2227,가르마펌,1
2224,daliy,1
2385,해리경석,1
2223,애월원데이클래스,1
2378,그린티라떼,1
2380,쭌희남매,1
2381,야식,1
2759,소규모파티게하,1
2220,sel1635z,1
2219,신제주애견미용,1
2758,제주동부게스트하우스,1
2217,패션오브크라이스,1
2383,선채향,1
2195,반사테러,1
2783,지혜지민은정유리,1
2237,韩国旅行,1
2401,근무,1
2411,선팔하면맞팔가요,1
2412,travelstagram,1
2414,꾸안꾸,1
2171,궈궈,1
2170,아님말구,1
2169,성실젓갈,1
2416,색감스타그램,1
2418,제주체험,1
2167,바위,1
2166,흐림,1
2419,억새밭,1
2165,airplane,1
2164,육아맘소통,1
2755,삼화지구속눈썹,1
2163,idee,1
2421,써니pd,1
2162,제주우도,1
2161,맥앤치즈매콤치킨,1
2423,육회,1
2160,짱구네유채꽃밭,1
2159,제주한달살기필라테스,1
2157,생후222일,1
2425,제주골프,1
2173,제주워터서커스,1
2788,JejuIsland,1
2787,5시,1
2182,파스타그램,1
2784,더조아짐서귀포,1
2191,월평동카페,1
2190,신난당,1
2189,7살딸,1
2188,좋음,1
2187,참돔회,1
2402,아코에공방,1
2186,チェジュ島,1
2185,요가,1
2785,트레킹스타그램,1
2405,독채펜션추천,1
2786,농부,1
2180,마음껏웃어라,1
2179,직장인스타그램,1
2178,애월파스타,1
2177,산방산카페,1
2406,브로우리프트펌,1
2407,현아_jeju,1
2408,정성으로구워주는,1
2409,후와후와픽쳐스,1
2176,인카페온더비치,1
2410,공간,1
2372,카페공백,1
2238,메이크업,1
1995,한공기뚝딱,1
2351,독채민박,1
2301,예쁘다그램,1
2343,여친룩,1
2344,쇠소깍카페,1
2345,비가오는날,1
2297,제주감귤농장,1
2346,미스테리렌치,1
2295,제주흑우맛집,1
2294,나란여자,1
2293,올해의커피,1
2292,쌀국수,1
2291,해맞이해안로,1
2289,스테이위드커피,1
2768,ulzzang,1
2288,방어축제,1
2287,lottedutyfree,1
2348,g1,1
2349,삼양해변,1
2286,민트티,1
2284,술이,1
2283,중문관광단지,1
2770,제주네일잘하는곳,1
2771,기분전환,1
2280,수우동쇠소깍점,1
2341,헬창,1
2767,딸이랑여행,1
2340,starbucks,1
2316,welcomejeju,1
2324,dailysnaps,1
2322,서우봉,1
2765,저녁,1
2321,취저,1
2330,아들맘,1
2331,유적지,1
2332,잘먹었습니다,1
2766,올레8코스,1
2333,이지원필라테스제주교육관,1
2317,세화맛집,1
2334,포메라니안미용,1
2304,삼양검은모래해변,1
2315,foll,1
2314,한번도,1
2312,제주공방,1
2337,서귀포파티,1
2310,happy,1
2339,나의라임_둘이서여행_6번째_제주,1
2308,모슬포횟집,1
2307,아르떼뮤지엄,1
2306,hongkong,1
2305,한라산엔첫눈,1
2279,제주도아기랑,1
2772,노을명소,1
2239,오조삼춘,1
2278,제주실버목걸이,1
2255,hl8297,1
2364,힘드니,1
2254,canon,1
2253,비숑프리제,1
2252,제주신혼여행,1
2251,엄마랑데이트,1
2366,제주스텝,1
2250,신석기유적지,1
2368,Christmas,1
2249,운동영상,1
2248,팔로우100,1
2247,아침메뉴,1
2369,hoja,1
2246,해안도로드라이브,1
2777,쌩텀펜션,1
2245,월요일점심만지나도신이난다,1
2370,그림,1
2244,예방수칙,1
2371,사계해변,1
2243,하이엔드제주,1
2242,서황,1
2241,심슨,1
2240,jejuinternationalairport,1
2363,self,1
2257,소인카페,1
2362,나무,1
2269,첫성산일출봉,1
1706,tattoo,1
2353,제주도청,1
2354,서귀포귤,1
2276,서황생선까스,1
2274,클라이밍,1
2273,크로플,1
2272,한림항,1
2773,제주선사,1
2271,합정카페,1
2270,제주공항근처횟집,1
2268,오직1팀,1
2259,dm,1
2267,직장인취미,1
2266,순전이해녀김밥,1
2265,제주속눈썹,1
2357,제주도애월,1
2263,sonya7m3,1
2359,노형동카페,1
2775,화장,1
2360,소규모게스트하우스,1
2260,치즈폭포스테이크,1
2762,20201101,1
2155,울산,1
2790,하고수동해수욕장,1
2426,쏨땀,1
2033,99,1
2052,형인건안비밀,1
2051,쩐슐랭,1
2495,가족스냅무료,1
2050,맛있으니까,1
2049,비자림근처맛집,1
2048,미술관투어,1
2496,제주필라테스,1
2497,속초젓갈맛집,1
2045,운동기록,1
2498,반려견,1
2043,해녀김밥,1
2804,천지연폭포맛집,1
2042,애월해안도로,1
2041,속초젓갈,1
2499,출근,1
2039,미니멀룩,1
2501,찰칵찰칵,1
2503,쌀바게트,1
2037,제주용두암해안도로맛집,1
2036,소원,1
2505,오래간만,1
2035,장진우식당,1
2805,오설록,1
2053,재밌니,1
2493,제주바램목장,1
2802,장리석,1
2063,텐동맛집,1
2073,1인쉐프,1
2072,코로나19,1
2071,리조트,1
2070,대방어맛집,1
2069,대만샌드위치,1
2068,혼자놀기,1
2067,mino,1
2066,올래국수,1
2485,자매국수,1
2064,serenity,1
2750,맛나식당,1
2747,스탓필라테스제주,1
2062,서커스,1
2749,제주우도여행,1
2060,travelKorea,1
2059,제주도애월숙소,1
2058,호자돈까스,1
2057,소모임대관,1
2748,주말순삭,1
2488,당첨,1
2055,올레길20코스,1
2054,제주도케이터링,1
2806,제철과일,1
2032,모슬포맛집,1
2427,몬딱게스트하우스,1
2506,dailyshot,1
2011,감귤밭,1
2010,월정리게스트하우스,1
2521,아가,1
2522,롯데면세점,1
2742,안보이니까,1
2525,당산봉,1
2810,제주건축,1
2007,백패킹성지,1
2526,카페모알보알,1
2006,제주도코스요리,1
2005,5병클리어,1
2004,행복하쟈,1
2003,제주풍경,1
2811,소머리오름,1
2528,엄마와딸,1
2001,제주속눈썹전문샵,1
2000,follw,1
2529,제주텐동,1
1999,쑥라떼,1
1998,영실코스,1
2740,맛있어,1
2531,또올게요,1
1996,가을제주여행,1
2518,tattooart,1
2743,cafetour,1
2013,제주도가족펜션,1
2511,삼양속눈썹,1
2029,승마레슨,1
2508,blanket,1
2028,済州島,1
2027,フォロー返します,1
2026,changreesuok,1
2025,섬속의섬,1
2807,refresh,1
2746,추수감사절,1
2024,옷스타그램,1
2745,구제주속눈썹,1
2022,근고기맛집,1
2014,아기,1
2513,청귤에이드,1
2021,교원더오름신미라,1
2020,이호테우해수욕장,1
2514,제주핫플레이스,1
2744,조심하세요,1
2809,제주악세서리샵,1
2018,올레7코스,1
2327,표선해비치맛집,1
2016,kyuhyun,1
2015,놀지만,1
2074,젓갈,1
2798,사과옷,1
2075,은지원,1
2797,비행기이륙직전,1
2443,갬성사진,1
2134,앞마당,1
2444,중앙로,1
2445,감사가,1
2133,제주신상카페,1
2446,Canon,1
2447,상효원수목원,1
2448,마을,1
2131,비글커플,1
2130,대역죄인머리,1
2449,딱새우장덮밥,1
2450,자개모빌,1
2451,제주도브런치,1
2129,exo,1
2128,얼스타,1
2127,healingtime,1
2455,aviationphotography,1
2125,성남,1
2124,우도짬뽕,1
2123,제주잇수다,1
2122,승마,1
2121,카시나덩크,1
2120,チェジュ島カフェ,1
2135,싫어,1
2442,붓펜캘리그라피,1
2137,함덕게으르게,1
2434,뜨개가방,1
2152,04년생,1
2428,백화수복,1
2150,애교쟁이,1
2429,lazyhouse함덕,1
2149,서귀포레스토랑,1
2431,퍼피월드,1
2432,첫줄안녕,1
2147,정자,1
2433,선팔100,1
2146,파도,1
2144,제주도선물가게,1
2441,옥돔구이,1
2143,한라봉주스,1
2142,책선물,1
2141,아는언니네,1
2435,휴식,1
2436,제주도서귀포,1
2437,visitkorea,1
2438,게으르게제주,1
2439,바다앞숙소,1
2139,구좌흑돼지,1
2792,ulzzangkorea,1
2119,lighthouse,1
2456,바람쐬며,1
2118,follow_me,1
2089,37ans,1
2098,일기,1
2469,감동,1
2096,중학생,1
2095,제주오설록,1
2094,만선식당,1
2093,hallamountain,1
2470,파티룸,1
2471,asmr,1
2091,이데,1
2472,04,1
2088,oreum,1
2467,하재사진,1
2086,쌍둥이횟집,1
2084,그나무의기록,1
2473,사진스팟,1
2082,셀카스타그램,1
2474,landscapephoto,1
2475,버드나무집,1
2477,구름맛집,1
2478,스탓필라테스한국공인교육센터이지원필라테스,1
2079,용담,1
2078,주상절리,1
2468,카페콘테나,1
2753,건강하게,1
2457,사찰,1
2108,아부오름,1
2117,pyoseon,1
2116,아침,1
2458,협재수우동,1
2115,제주장진우식당,1
2113,조천속눈썹,1
2112,오션뷰,1
2111,노을지는바다,1
2460,제주일몰,1
2793,주말데이트,1
2109,brushpen,1
2107,인물촬영,1
2100,스테이프롬제이,1
2461,dogstagram,1
2106,카페여행,1
2463,제주돌담파스타,1
2464,둘러보기,1
2465,공항근처카페,1
2103,소니미러리스,1
2466,아트상품,1
2102,이유정님,1
2794,나의라임,1
2101,예쁜,1
2207,JEJU,1
0,올레시장맛집,1
1705,GR3,1
579,9,1
568,랜선여행,1
573,마음비우기,1
575,아름다운섬,1
576,프라이빗파티,1
577,해변걷기,1
578,교원더오름문제헌,1
581,어린왕자감귤밭,1
565,eos,1
582,제주에오길잘했다,1
583,귀요미,1
584,홍대,1
585,perfectjeju,1
586,제주솬,1
589,게으르게,1
567,한라산백록담,1
564,가고싶다,1
593,휠핑,1
551,규현,1
538,소소한행복,1
539,journal,1
540,애견카페,1
542,메모,1
545,夕焼け,1
549,horseriding,1
552,데이트하기좋은카페,1
563,art,1
554,자연스러운식당,1
555,제주온잇인테리어,1
556,귤나무,1
558,남는건사진뿐,1
560,상생농장,1
561,제주우유,1
590,제주도바닷가,1
594,글스타그램,1
536,올때마다문닫아서못먹는곳,1
627,휴일,1
619,포도냐제주,1
620,제주루프탑카페,1
621,제주해녀,1
623,maltese,1
625,tripstagram,1
626,악세서리,1
629,데일리코디,1
617,혼자,1
631,벌써,1
634,맛있다그램,1
635,내사진,1
636,마스크던지고싶다,1
637,사진그램,1
638,제주추천,1
618,igtravel,1
616,구보,1
595,무릇귤이라하면이정도는되야,1
605,achyoshop,1
598,육아맘,1
599,제주바디프로필,1
601,코바늘가방,1
602,스테이프롬제이_동네산책,1
603,코로나싫어,1
604,사빈백사,1
606,색감미쳤다,1
614,교원더오름변주영,1
607,소니,1
609,제주숙박,1
610,라이카,1
611,귤잼,1
612,셀피그램,1
613,주짓수,1
537,우도짜장면,1
534,냠냠,1
1704,동글쌤의제주라이프,1
470,서황샐러드우동,1
462,서귀포브런치,1
463,구좌읍흑돼지맛집,1
464,제주브런치카페,1
465,오후의뜰,1
467,베스트픽,1
468,filmphoto,1
471,치저스,1
460,memoriesofvictorji,1
472,짬뽕맛집,1
473,골목카페옥수,1
474,이벤트참여,1
476,창맥주,1
478,제주감성,1
479,디자인,1
461,하하호호,1
459,풀베개,1
481,여행다녀왔습니다_제주도,1
448,애견미용사,1
441,제주애견동반,1
442,원숭이띠맘,1
443,avgeek,1
444,lik,1
446,photooftheday,1
447,스누피사랑,1
449,358일차,1
458,사랑스러워,1
450,속눈썹연장,1
452,제주네일샵,1
453,코로나19물러가라,1
454,부근,1
456,카페맛집,1
457,스파이더맨,1
480,또올게,1
483,제주도방어,1
533,instafit,1
523,형제맘,1
512,아쉬운마음가득,1
515,제주도파티,1
516,맑다맑아,1
519,passionofchrist,1
521,lll,1
522,새벽,1
524,감성여행,1
509,회정식,1
525,pet,1
526,베케정원,1
527,북촌리393,1
528,잔디우유,1
529,에바충,1
531,스페셜망고,1
510,돌담파스타,1
508,캐주얼룩,1
486,jejuart,1
494,뷰러펌,1
487,곽지해수욕장,1
488,꿀잼,1
489,디저트카페,1
490,아일랜드,1
492,新冠肺炎,1
493,20201109,1
495,일러스트,1
507,인스밀,1
497,밀크티,1
499,호야응디jeju,1
501,서귀포올레시장,1
502,생후603일,1
504,쨍쨍,1
506,겨울여행,1
640,텐션업,1
644,서귀포횟집추천,1
645,1일1사고,1
789,나의라임_둘이서여행,1
779,대학생사진,1
782,제주롯데호텔,1
783,정전기,1
784,하트시그널,1
786,협재라이프,1
787,몬딱,1
790,수우동,1
777,니모텐트,1
792,제주셀프웨딩,1
794,기가막히니까,1
795,제주도오름,1
796,봉수대,1
798,명소,1
800,심쿵,1
778,킹덤하우스,1
776,전복죽,1
803,필라테스,1
761,누룽지식당,1
754,skywatershow,1
755,절,1
756,예림_travel,1
757,한라봉쥬스,1
758,문을빨리닫는곳,1
760,놀러가고싶다,1
762,신시가지네일,1
774,교원더오름,1
764,떠나고싶다,1
765,야경명소,1
767,쇠소깍근처맛집,1
769,방어맛집,1
770,오세훈,1
773,카트,1
801,l4likes,1
804,위미리,1
646,신서유기8,1
835,교육프로그램,1
828,행복해,1
829,playworks_jeju,1
830,온수풀이라며,1
831,백만년만에,1
832,창꼼바위,1
833,위미433귤청잼,1
836,생고기,1
826,아싸의길,1
839,이상미인,1
840,콜롬비아,1
841,이주도민,1
842,인디안썸머,1
843,태교여행,1
844,비자림로,1
827,책,1
825,baby,1
805,예술,1
813,소모임,1
806,사계리카페,1
807,텐트촌,1
809,싼타페,1
810,망루,1
811,삼양왁싱,1
812,젊은청년들,1
814,havichibeach,1
824,유디니,1
815,제주도서귀포횟집,1
816,캠린이,1
819,자유여행,1
820,remains,1
822,10년만에,1
823,무지개해안도로,1
753,체험키트,1
750,여행템,1
748,스몰웨딩,1
684,매운탕,1
674,바디프로필준비,1
675,한라대카페,1
676,제주써니하우스,1
679,캠프닉,1
680,제주고산리유적안내센터,1
681,韓国カフェ,1
685,landscape,1
669,케라틴펌,1
687,하도리,1
690,심장이약하신분들은조심하세요,1
691,19개월,1
693,삼양해수욕장,1
694,제주드루앙,1
695,제주도애월맛집,1
670,나만아줌마,1
667,요가하는여자,1
747,dailystargram,1
654,비타민국수,1
648,교원더오름양희진,1
649,옥분상회,1
650,603daysold,1
651,follo,1
652,jejucafe,1
653,제주돌고래,1
655,제주도중문맛집,1
664,이겨내요우리,1
656,제주뜨개공방,1
659,말티즈스타그램,1
660,맑음쌤,1
661,서귀포네일아트,1
662,급휴가,1
663,제주피어싱,1
697,아줌마그램,1
699,세화숲,1
700,35mmphotography,1
737,이중섭거리맛집,1
729,제주갈만한곳,1
730,maronedessert,1
731,followforfollow,1
732,하쿠나마타타,1
735,맛있게잘먹었습니다,1
736,헝키도리일상,1
738,하늘스타그램,1
703,가려서,1
739,제주소주,1
740,발리인제주,1
741,남매샷,1
742,제주사진찍기좋은곳,1
744,201129,1
745,애기동백,1
728,제주뜨개,1
727,엑티브크림,1
726,재충전하고올께요,1
725,5dmark4,1
724,히쭈부부,1
722,캐모마일티,1
721,한경면맛집,1
719,내일또먹어야지,1
718,비숑,1
717,로스터리카페,1
714,제주애월,1
713,Repost,1
712,인스타데일리,1
711,날씨가다했다,1
709,フォロー,1
706,복자씨연탄구이성산본점,1
704,금악오름,1
440,우무,1
439,제주리더,1
438,울프컷,1
139,갬성스타그램,1
129,또올께,1
131,서귀포네일,1
132,털보스협재밀,1
133,번개배송,1
135,혼여족,1
137,글,1
142,드로잉,1
127,데이트카페,1
144,월평포구,1
146,제주랜디스도넛,1
147,등대,1
148,빵맛집,1
149,교원더오름김동진,1
150,신상,1
128,model,1
126,마레벤또,1
154,케이터링,1
108,빵,1
100,반고흐,1
101,고등학생,1
102,potd,1
104,치즈감튀,1
106,에이바우트뷰하귀포구점,1
107,sashimi,1
110,가을여행,1
123,제주용담해안도로맛집,1
111,한림농장,1
112,제주도애월펜션,1
115,그림책,1
118,동네한바퀴,1
119,인생죽,1
121,쩨윤팸_한달살기,1
152,인스타보고왔어요,1
156,여행하는쩐,1
216,통창뷰,1
201,대정흑돼지,1
191,제주뚜벅이여행,1
194,운동하는직장인,1
195,스타벅스,1
198,구좌카페,1
199,무료,1
200,moonnada_jeju,1
203,여행계정,1
188,카페라라라,1
204,혼행,1
206,토끼썸,1
207,힘내라대한민국,1
210,개스타그램,1
212,제주현지인맛집,1
213,꿀맛,1
190,diet,1
185,약천사,1
157,skyphotography,1
170,제주양떼목장,1
159,이야기,1
162,용담해안도로맛집,1
163,송당리맛집,1
167,황금돼지띠맘,1
168,섬,1
169,leeyeonhee,1
171,제주도방어축제,1
178,우도산호반점,1
172,조용한게스트하우스,1
173,모알보알,1
174,marado,1
175,special_shots,1
176,제주악세서리,1
177,만화,1
99,사람바글바글,1
96,since2018,1
95,관광객모드,1
35,무용,1
27,미안,1
28,비숑스타그램,1
29,금능맛집,1
30,키트래블,1
31,다이빙,1
33,제주도레스토랑,1
37,delicious,1
24,휴대폰케이스,1
39,미술관관람,1
41,큰엉,1
42,yongmeoriCoast,1
43,이태리식당,1
44,아이폰xs,1
45,김포로출발,1
25,라로마,1
23,그레이그로브,1
94,송당일상,1
10,교원더오름안주화,1
3,금오름노을,1
4,병과점미남미녀,1
5,베트남음식,1
6,색감사진,1
7,너란여자,1
9,대포항,1
12,지금이황금타이밍,1
21,고기는사랑,1
15,스토리봐주세요,1
16,좋은일가득,1
17,いいね,1
18,겁나추워,1
19,브로우리프트,1
20,반가운싸인,1
47,비빔국수,1
48,여행다녀왔습니다,1
49,연동애견미용,1
84,nemokunai,1
74,청수리,1
75,오지힐제주,1
76,뿌듯,1
77,서귀포올레시장맛집,1
79,제주국제공항,1
81,표선배달,1
87,서귀포횟집,1
50,제주도청맛집,1
88,에바,1
89,likeforlike,1
90,프라이빗카페,1
91,君の名は,1
92,카페아꼼,1
93,여기제주,1
73,깔맞춤성애자,1
72,제주애견카페,1
71,갈비쌀국수,1
70,들어간다,1
69,라이프스타일,1
66,제주흑돼지추천,1
65,삼양,1
63,고기국수맛집,1
61,northface,1
60,매운탕맛집,1
58,태태가족,1
57,신나니,1
56,모녀여행,1
55,제주탑동맛집,1
54,roastdinner,1
53,jejuair,1
51,오후,1
214,오등동,1
217,チェジュ島旅行,1
436,제주동쪽숙소,1
362,lol,1
355,05,1
357,이현석작가님,1
358,아침조식,1
359,카페색깔,1
360,여러분우리골프해요,1
361,혼밥,1
363,일요일휴무,1
353,visitjeju,1
366,연동맛집,1
367,토탈뷰티샵,1
368,원앤온리제주,1
370,낙엽우수수,1
372,旅行好きな人と繋か,1
374,제주게으르게,1
354,Bistro,1
350,남원리카페,1
379,filmcamera,1
337,며칠,1
330,신시가지네일샵,1
332,맑음,1
333,출장중,1
334,댕스타그램,1
335,해녀돌담파스타,1
336,또가고싶다,1
339,흑돼지돌판구이,1
347,집콕,1
341,격하게,1
342,방역관리강화,1
343,진성배낚시,1
344,소모임장소,1
345,제주여행코스추천,1
346,백린이,1
377,티모,1
380,제주투어,1
218,레트로,1
423,캘리액자,1
412,맛있다,1
414,기념일선물,1
415,하이퍼랩스,1
418,루이비통,1
420,済州島旅行,1
421,중문칠돈가,1
424,또가곱,1
410,제주한림카페,1
427,mandarin,1
429,항공배송,1
431,토요일,1
432,제주동부맛집,1
433,인피티니풀,1
434,구좌맛집,1
411,인물스타그램,1
407,뷰스타그램,1
381,제주실버,1
392,삼화왁싱,1
382,타이백귤,1
386,분당,1
387,레스토랑대관,1
388,먹방스타그램,1
390,제주도뷰맛집,1
391,서귀포시여행,1
393,아들과함깨하는,1
405,천혜향주스,1
395,beach,1
396,딸랑구,1
397,작업실,1
399,xoxo,1
401,강남,1
404,거울샷,1
327,소천지,1
325,표선보쌈맛집,1
324,성공적,1
260,boeing737800,1
249,테쉬폰,1
250,반양,1
251,숨은명소,1
252,미술관데이트,1
257,애월해안도로횟집,1
258,커피리브레원두,1
261,제주한림,1
247,필름,1
263,고산리선사유적지,1
265,hiyeonjeju,1
266,제주_붓글씨,1
267,낚시,1
269,신시가지,1
270,1129,1
248,제주이색체험,1
244,헬스,1
323,합정,1
230,여유,1
219,바닐라빈라떼,1
221,book,1
225,엽스타그램,1
227,맛있는게스트하우스,1
228,커플스타그램,1
229,제주네일,1
232,갯깍주상절리대,1
243,citrus,1
234,야간경관조성사업,1
235,바람살랑,1
237,화북,1
239,크리스마스편지,1
240,잼샌드위치,1
241,조용하니좋다,1
271,문화생활,1
272,제주도펜션추천,1
273,햄볶,1
311,제주다금바리,1
298,movie,1
299,같이사진찍고싶었는데,1
300,제주아기,1
305,우도가좋다,1
308,aviation4u,1
310,초코백설기,1
313,제주애월숙소,1
274,애월공방,1
316,디앤디파트먼트제주,1
317,살자,1
318,패피,1
319,귀여워,1
321,지상낙원,1
322,제주네일아트,1
297,좋다좋아,1
295,용연구름다리,1
294,귤농장,1
292,교원더오름김정훈,1
291,노모어블루스,1
289,선팔해요,1
288,PO,1
287,등운동,1
286,제주도돌잔치,1
285,제주풀빌라,1
283,PeacefulJeju,1
282,화북왁싱,1
281,고산리,1
279,축소판,1
278,오리탕,1
277,모닥불,1
276,맛있음,1
847,혼자나무,1
848,aviationlovers,1
852,film,1
1424,몬스터제주한우버거,1
1418,신기,1
1419,애월필라테스,1
1420,20201113,1
1421,우리의소원을담아,1
1422,다이어터,1
1423,놈놈놈,1
1,초겨울,1
1416,기념일,1
1427,제주독채,1
1431,브르네스테이,1
1432,애월횟집추천,1
1435,남매룩,1
1439,장거리연애,1
1440,스테이크세트,1
1417,pinksky,1
1415,항파두리,1
1443,다금바리,1
1405,올레시장,1
1397,전복칼국수,1
1399,멋지다,1
1400,제주자개모빌,1
1401,일과리흑돼지,1
1402,애월게스트하우스,1
1403,숨비페어스,1
1406,snoopygarden,1
1414,동행,1
1407,협재홀라인,1
1408,제주베이비킹스튜디오,1
1409,제주부부,1
1410,남또리횟집,1
1412,제주고기국수맛집,1
1413,오전열한시,1
1442,김포맘,1
1451,구옥리모델링,1
1504,안녕육지사람,1
1487,제주도여행지,1
1480,제주팀,1
1481,우드노트,1
1482,korean,1
1483,calligraphy,1
1484,제주도감성카페,1
1486,다니쉬,1
1489,판포리,1
1474,daughter,1
1491,드라이브,1
1493,COLOMBIA,1
1494,여행끝,1
1495,제주캔들,1
1497,제주도게으르게,1
1501,쿠키,1
1475,today,1
1473,제주여행기록_1일차,1
1452,섭지코지로별관,1
1460,제주애견미용,1
1453,헤어라인,1
1454,iphone12,1
1456,済州,1
1457,게으르게펜션,1
1458,소띠예비맘,1
1459,위미433귤밭,1
1462,제주도흑우,1
1472,제주도라마다호텔맛집,1
1463,서귀포바다,1
1464,힘이되는글,1
1465,비밀,1
1468,무점포사업,1
1469,hoowahoowapictures,1
1470,눈꽃산행은,1
1396,저지리예술인마을,1
1395,제주은반지,1
1394,서비스,1
1326,피톤치드,1
1319,포토스타그램,1
1320,다음기회에,1
1321,부산스냅,1
1322,îledejeju,1
1323,귤밭레스토랑,1
1324,평지어딘가,1
1328,바다뷰카페,1
1316,참을수있어요,1
1329,가즈아,1
1330,민지_jeju,1
1331,cloud,1
1332,scenery,1
1334,제주전시회,1
1335,instababy,1
1317,제주도푸른밤,1
1315,사람과자연,1
1392,양림동,1
1299,애월횟집,1
1289,필라테스강사김맑음,1
1290,피스풀제주,1
1292,글귀,1
1295,청춘,1
1296,서귀포네일샵,1
1297,오직한팀만을위한,1
1300,게으르게함덕,1
1314,화조원,1
1302,도두동무지개해안도로,1
1304,레이싱,1
1305,니모쿠나이,1
1308,제주피크닉소품대여,1
1311,이너프,1
1313,칠돈가,1
1337,신논현,1
1338,sonya7riii,1
1339,도두동,1
1373,마카롱맛집,1
1365,바램목장,1
1366,협재식물원,1
1367,귤따기체험,1
1369,제주돼지갈비,1
1371,제주바다고깃집,1
1372,한옥,1
1375,블랭킷,1
1340,동기부여,1
1382,제주문화생활,1
1383,pyojihoon,1
1384,올레길15b코스,1
1389,글씨를디자인하다,1
1390,山茶花,1
1391,바다여행,1
1363,カフェ部,1
1361,먹부림,1
1360,태교,1
1358,제주도가고싶다,1
1357,퇴근후,1
1355,제주노을,1
1354,그러므로part2,1
1353,artstudio,1
1352,hk,1
1351,자유시간,1
1350,아마존팀,1
1349,부모님생각,1
1348,우리,1
1347,웨이팅,1
1345,핑크뮬리,1
1344,목욕,1
1343,분위기깡패,1
1503,칠십리시공원,1
1505,물고기,1
1286,blue_photographs,1
1638,블랑로쉐,1
1629,달밍픽,1
1631,실버주얼리,1
1632,제주도전시회,1
1633,미친놈들,1
1635,제주도캔들가게,1
1637,어쁘서,1
1639,제주동백포레스트,1
1627,스킨플래닝인증샵,1
1640,hana,1
1641,동명동,1
1643,우리소통해요,1
1644,a7r3,1
1645,제주타투,1
1646,제주먹스타그램,1
1628,제주미아방지목걸이,1
1625,집에가는날,1
1648,당근주스,1
1613,조천카페,1
1603,젓갈맛집,1
1606,봄이in_제주,1
1607,플랫폼,1
1609,금능해변일몰,1
1611,서귀포자연휴양림,1
1612,jejutrip,1
1614,근데,1
1624,제주도스텝,1
1615,소원이이루어지길,1
1618,럽스타라하쟈,1
1619,작은식당,1
1620,folloowforfolloowdack,1
1622,삼화지구,1
1623,파타고니아,1
1647,아침식단,1
1650,다연이,1
1506,붓펜수업,1
1687,리코,1
1679,맛스타,1
1680,안가봄,1
1681,11월베스트샷,1
1682,색감,1
1683,JMOA,1
1684,GRIII,1
1688,먹는다우선생,1
1675,いいね返し,1
1690,항파두리항몽유적지,1
1691,제주항공,1
1694,늦은휴가,1
1695,이연희,1
1696,하이데어키친,1
1699,수제비누,1
1676,한달,1
1673,피너츠,1
1651,제주키즈클래스,1
1659,대물식당,1
1652,제주해녀돌담파스타,1
1653,カフェ巡り,1
1654,제주도여행선물,1
1656,보쌈의달인,1
1657,athlete,1
1658,제주도선물,1
1661,부부,1
1671,욜로,1
1662,취향에맞는커피,1
1663,제주가족펜션,1
1664,제주농장,1
1665,무국적식당,1
1669,리틀포레스트,1
1670,제주살이숙소,1
1602,제주서부여행,1
1601,ㅎㅎㅎ,1
1600,5L2F,1
1540,썬샤인워크,1
1533,웃어,1
1534,우희부부_데일리룩,1
1535,직거래,1
1536,스윙키즈,1
1538,심심해,1
1539,금요일,1
1541,아침미소목장,1
1531,리치망고애월본점,1
1542,중문레스토랑,1
1544,localguide,1
1545,kodak,1
1546,높음,1
1547,급추웡,1
1548,겨울왕국,1
1532,서귀포카페투어,1
1529,크리스마스선물,1
1599,눈,1
1518,강정천,1
1509,동네친구,1
1510,그랜드오픈,1
1511,소인국테마파크,1
1513,민오름,1
1514,맥앤치즈치킨,1
1516,애들아고맙고미안하고사랑한다,1
1520,딱새우,1
1527,볕,1
1521,노을은,1
1522,수월봉,1
1523,제주동백수목원,1
1524,letsguide,1
1525,제주쌩텀펜션,1
1526,제주아이블링속눈썹,1
1549,전복해물라면,1
1551,차귀도배낚시,1
1552,구름스타그램,1
1587,부릉부릉,1
1578,구름사진,1
1579,southkoreatravel,1
1580,돌담길,1
1582,니모아톰,1
1584,황금돼지띠,1
1585,켄싱턴리조트서귀포,1
1589,simplelife,1
1554,표선세화,1
1591,제주실버반지,1
1592,제주항공우주박물관,1
1593,소모임공간,1
1594,래쉬틴팅,1
1596,바람좋은날,1
1597,유지어터,1
1577,소니a7m3,1
1575,아이폰사진,1
1574,추억팔이중,1
1573,서우봉둘레길,1
1571,littleforest_jeju,1
1570,지리탕,1
1568,맛있는점심,1
1567,무보정,1
1566,탑동맛집,1
1563,제주니아,1
1562,해외여행,1
1561,해녀고기,1
1560,오션브릭,1
1559,제주먹부림,1
1557,제주야경,1
1556,instafollow,1
1555,독채풀빌라,1
1288,제주주얼리,1
1284,관음사,1
853,바싹바싹,1
991,방역수칙준수,1
981,음료스타그램,1
985,981파크,1
986,서귀포여행,1
987,맞팔은댓글,1
988,표지훈,1
990,韓国人,1
992,얼짱,1
979,제주이너프,1
993,금능,1
994,제주도립미술관,1
995,yolo,1
1000,삼대국수회관,1
1002,진곶내,1
1005,백약이오름,1
980,행복하자,1
978,서귀포맛집베스트,1
1007,말,1
968,jejudeluang,1
960,허브동산,1
961,몬스터살롱,1
962,서귀포카페추천,1
963,사진에알파가되다,1
964,모슬포흑돼지,1
966,애월더선셋리조트,1
969,그로우커넥트,1
977,피오,1
970,뷰깡페,1
971,바쁜날,1
972,말티즈,1
973,b737,1
975,검은쇠몰고오는,1
976,짱맛,1
1006,repost,1
1010,mylittlesweethome,1
1065,스콘,1
1049,아쿠아플라넷,1
1039,말미오름,1
1041,썬앤문리조트,1
1043,제주다움,1
1044,써니하우스,1
1046,자매,1
1048,제주공항근처,1
1050,제주포토존,1
1037,카이,1
1051,일곱살,1
1052,제주회포장,1
1053,제주태교,1
1057,연남동,1
1061,숨겨진,1
1063,서귀포시,1
1038,winter,1
1035,인스타패션,1
1011,오설록티뮤지엄,1
1022,selcagram,1
1012,돌고래,1
1014,나의일상기록,1
1016,구좌읍숙소,1
1017,미니멀라이프,1
1019,시간이너무빨라,1
1020,제주소품샵,1
1024,제주이주민,1
1034,다음엔꼭둘이서,1
1026,바게트,1
1029,크림함박스테이크,1
1030,가을출사,1
1031,20201129,1
1032,돌멩이라떼,1
1033,똥지뢰밭,1
958,운동루틴,1
956,서황돈카츠,1
954,월평마을,1
888,howkidsful,1
879,제주도다금바리,1
880,구엄리돌주먹,1
882,カフェスタグラム,1
883,둔산동카페,1
885,제주영롱가,1
887,위미리동백군락지,1
889,게으르게팬션,1
876,미소게스트하우스,1
891,귤샌드위치,1
893,제주청년농부캠프,1
894,제주마중,1
895,소주,1
897,cute,1
899,물영아리오름,1
878,guesthouse,1
875,아줌마,1
953,도경수,1
863,제주실버샵,1
856,아들둘맘,1
857,kyuhanaxkyundool,1
858,slefie,1
859,제주승마,1
860,리치망고,1
862,미니멀,1
864,쩡오뉴,1
874,함덕속눈썹,1
865,대전카페,1
866,dslr,1
867,landscapephotography,1
868,섬속의섬속의섬비양도,1
870,부두식당,1
871,밤하늘,1
901,해먹,1
903,딸들,1
904,항덕,1
935,구름에,1
925,advertisement,1
928,쪼리,1
929,rooftop,1
932,제주미술관,1
933,노지귤,1
934,바쁘다바빠현대사회,1
937,베이비그램,1
905,생각남,1
939,서귀포현지인맛집,1
940,mydaughterismyworld,1
942,외승,1
943,더놀고싶다,1
947,윗세오름,1
951,followforlike,1
924,925silver,1
923,커피매니아,1
922,몽상드애월,1
921,별밭투어,1
919,앤트러사이트한림,1
918,제주여행선물,1
917,사회적거리두기,1
916,수희식당,1
915,캘리엽서,1
914,tinyhouse,1
913,신촌속눈썹,1
912,특대방어회,1
911,혼자여행시작,1
909,감귤쥬스,1
908,산책스타그램,1
907,아날로그감귤밭,1
906,aviationgeek,1
1064,마음에온,1
1066,하귀맘,1
1283,라탄클래스,1
1213,고산리식토기,1
1205,이번이젤심각한듯,1
1206,foodstagram,1
1208,休愛里,1
1209,마노르블랑,1
1210,24,1
1211,커뮤니테이블,1
1214,로컬맛집,1
1202,사진취미,1
1215,canon800d,1
1218,구옥,1
1219,여기제주프로젝트,1
1221,세젤귀,1
1222,댕댕이,1
1223,dinnerparty,1
1204,라이트룸,1
1201,스피루리나팩,1
1225,재배,1
1185,소통환영,1
1177,느므느므맛있자네,1
1178,제주파트너,1
1179,갈치조림,1
1180,육회공작소,1
1181,20개월아기,1
1182,개린이,1
1186,신화월드메리어트,1
1199,삼화속눈썹,1
1187,시작,1
1193,오지힐,1
1194,시골집,1
1195,흑돼지맛,1
1197,독립출판,1
1198,광고,1
1224,여행일기,1
1227,웨딩스냅,1
1068,표선해수욕장,1
1271,제주관광공사,1
1262,좋은글,1
1264,제주바닷가고깃집,1
1267,제주남쪽여행,1
1268,sajin_idamo,1
1269,웨이팅있어요,1
1270,제주방어맛집,1
1273,마로네디저트,1
1257,연차좋아,1
1274,애쉬,1
1276,각재기,1
1277,atelier,1
1279,세화,1
1280,灯台,1
1281,딱새우장정식,1
1261,트립,1
1256,반딧불이마을,1
1228,편집초보,1
1240,위미감귤,1
1229,얼그레이에이드,1
1230,ost,1
1234,horse,1
1236,swingkids,1
1237,행원장,1
1239,얼그레이크림라떼,1
1241,육아그램,1
1254,인생3일차,1
1245,한담카페거리,1
1246,화북민스포레토탈샵,1
1248,여기는애월,1
1249,pic,1
1250,leica,1
1251,땅콩아이스크림,1
1175,하나와둘,1
1171,韓国カフェ巡り,1
1168,감성스내제주스냅,1
1110,로드129,1
1101,diary,1
1102,사진찍기좋은카페,1
1103,어라운드폴리,1
1104,따뜻한게스트하우스,1
1105,올레길숙소,1
1109,秋,1
1111,베이비킹스튜디오,1
1098,신창풍차해안도로,1
1112,b738,1
1114,韩国旅游,1
1116,큼,1
1117,제주도애견미용,1
1118,nemotent,1
1120,오늘의제주,1
1099,오늘도,1
1096,굿나잇,1
1167,나홀로나무,1
1084,제주도일상,1
1071,済州島カフェ,1
1073,독채펜션,1
1075,캐논800d,1
1076,나들이그램,1
1080,석양,1
1083,증정이벤트,1
1085,925,1
1094,따라비오름,1
1087,시로코,1
1089,언제나맑음쌤,1
1090,생선튀김,1
1091,제주힐링코스,1
1092,짜장면,1
1093,필카갬성,1
1122,제주형특별방역대책,1
1123,제주이주,1
1125,원픽,1
1158,29주,1
1149,디엠,1
1151,photographer,1
1152,우리들의행복한시간,1
1154,제주시새우리,1
1155,미술관,1
1156,제주고산리유적,1
1159,육아중,1
1127,포도송이,1
1160,표선배달맛집,1
1161,배경,1
1162,연동술집,1
1163,제주_안기니,1
1165,제주한림항풍경,1
1166,유투버,1
1147,팜인스,1
1146,photograpy,1
1145,휴메이크이도점,1
1144,스테이예스,1
1143,유튜브,1
1142,제주부부작가,1
1140,제주소나이,1
1139,슝슝이,1
1138,새별오름나홀로나무,1
1137,중문브런치,1
1136,poodle,1
1133,공간탐사,1
1132,제주중독자,1
1131,브런치레스토랑,1
1130,성지,1
1129,nemo,1
1128,moonbad_voyage,1
1425,서림연대,1
